{
  "run_id": "RC_IMP_HEAVE_02259Z0000_S1",
  "parent_id": "RBQ90_PBL255_IMPORTED_PACKAGE",
  "stage": "offline_import",
  "parameter_group": "diagonal_hydro",
  "parameter_delta": {
    "hydrodyn_edits": [
      {
        "block": "CLin",
        "i": 2,
        "j": 2,
        "value": -271228.26742015604
      }
    ],
    "moordyn": {},
    "initial_conditions": {},
    "tmax": null,
    "decision_meta": {
      "signed_ic_bquad_tune": null,
      "selected_dof_candidates": {},
      "bquad_multipliers": {},
      "signed_initial_conditions": {},
      "dof_packages": []
    },
    "changed_parameters": "HydroDyn.CLin[2,2]"
  },
  "input_hash": "RUN_0001_FD_HEAVE_IMP_HEAVE_02259Z0000_S1",
  "target_source": "active_curated_processed_reference",
  "observation": {
    "candidate_id": "IMP_HEAVE_02259Z0000_S1",
    "source": "active_registry_results",
    "per_dof_metrics": {
      "FD_HEAVE": {
        "run_id": "RUN_0001_FD_HEAVE_IMP_HEAVE_02259Z0000_S1",
        "metric_status": "PASS",
        "period": 20.85,
        "reference_period": 20.719426,
        "period_error_pct": 0.63020258,
        "zeta": 0.0016759794,
        "reference_zeta": 0.0063011469,
        "nrmse": 0.11535044,
        "j_dof": 0.11535044,
        "j_shape": 1.8830068,
        "envelope_error": 0.46788348,
        "ler_error": 1.7385127,
        "fp_error": 0.35021752,
        "start_amplitude_error": null,
        "leak": {
          "Surge": 1.3630696626267842,
          "Sway": 0.38463057346429425,
          "Roll": 1.3648028905773841,
          "Pitch": 0.841755975655292,
          "Yaw": 0.8130374132757964
        },
        "reference_leak": {
          "Surge": 0.694133163574395,
          "Sway": 0.3830351608671329,
          "Roll": 0.23088104002761986,
          "Pitch": 0.08142292151490593,
          "Yaw": 0.09687871817782223
        },
        "morph": {
          "J_wave": 0.11535043787582423,
          "J_shape": 1.8830068168652994,
          "env_err": 0.46788347993555895,
          "fp_err": 0.3502175173814466,
          "LERD": 0.002003839225521178,
          "LERM": 0.0054875392333978605,
          "LER_err": 1.7385127327121805,
          "Tend": 481.07000000000005
        }
      }
    },
    "cross_energy_matrix": {
      "FD_HEAVE": {
        "Surge": 1.3630696626267842,
        "Sway": 0.38463057346429425,
        "Roll": 1.3648028905773841,
        "Pitch": 0.841755975655292,
        "Yaw": 0.8130374132757964
      }
    },
    "reference_cross_energy_matrix": {
      "FD_HEAVE": {
        "Surge": 0.694133163574395,
        "Sway": 0.3830351608671329,
        "Roll": 0.23088104002761986,
        "Pitch": 0.08142292151490593,
        "Yaw": 0.09687871817782223
      }
    },
    "equilibrium": {},
    "artifacts": {
      "runs": {
        "FD_HEAVE": {
          "run_id": "RUN_0001_FD_HEAVE_IMP_HEAVE_02259Z0000_S1",
          "run_dir": "04_current_runs/runs/RUN_0001_FD_HEAVE_IMP_HEAVE_02259Z0000_S1",
          "logs_dir": "04_current_runs/runs/RUN_0001_FD_HEAVE_IMP_HEAVE_02259Z0000_S1/logs",
          "manifest_path": "04_current_runs/runs/RUN_0001_FD_HEAVE_IMP_HEAVE_02259Z0000_S1/manifest.json",
          "fst_file": "04_current_runs/runs/RUN_0001_FD_HEAVE_IMP_HEAVE_02259Z0000_S1/input/qg_r001_center_heave_adcda246.fst",
          "input_dir": "04_current_runs/runs/RUN_0001_FD_HEAVE_IMP_HEAVE_02259Z0000_S1/input",
          "output_dir": "04_current_runs/runs/RUN_0001_FD_HEAVE_IMP_HEAVE_02259Z0000_S1/output",
          "main_output_path": "04_current_runs/runs/RUN_0001_FD_HEAVE_IMP_HEAVE_02259Z0000_S1/input/qg_r001_center_heave_adcda246.out",
          "stdout_path": "04_current_runs/runs/RUN_0001_FD_HEAVE_IMP_HEAVE_02259Z0000_S1/logs/stdout.txt",
          "stderr_path": "04_current_runs/runs/RUN_0001_FD_HEAVE_IMP_HEAVE_02259Z0000_S1/logs/stderr.txt",
          "notes": "metrics computed from 04_current_runs/runs/RUN_0001_FD_HEAVE_IMP_HEAVE_02259Z0000_S1/input/qg_r001_center_heave_adcda246.out"
        }
      },
      "ignored_results": []
    }
  },
  "objective": {
    "global_score": 1.4266058171511944,
    "weights": {
      "period": 0.35,
      "env": 0.25,
      "ler": 0.2,
      "fp": 0.1,
      "zeta": 0.1
    },
    "per_dof": {
      "FD_HEAVE": {
        "score": 1.4266058171511944,
        "period_error_pct": 0.63020258,
        "period_error_abs_pct": 0.63020258,
        "envelope_error": 0.46788348,
        "ler_error": 1.7385127,
        "fp_error": 0.35021752,
        "zeta_error_ratio": 0.7340199448452789,
        "closed": false
      }
    },
    "hard_constraint_violations": [
      "missing_dof:FD_PITCH",
      "missing_dof:FD_ROLL",
      "missing_dof:FD_SURGE",
      "missing_dof:FD_SWAY",
      "missing_dof:FD_YAW",
      "strong_leak:FD_HEAVE->Pitch:0.842>ref0.0814",
      "strong_leak:FD_HEAVE->Roll:1.36>ref0.231",
      "strong_leak:FD_HEAVE->Yaw:0.813>ref0.0969"
    ],
    "predicate_results": [
      {
        "name": "missing_dof",
        "passed": false,
        "severity": "hard",
        "reason": "missing_dof:FD_PITCH",
        "source_role": "derived_metric",
        "tags": [
          "missing_dof"
        ]
      },
      {
        "name": "missing_dof",
        "passed": false,
        "severity": "hard",
        "reason": "missing_dof:FD_ROLL",
        "source_role": "derived_metric",
        "tags": [
          "missing_dof"
        ]
      },
      {
        "name": "missing_dof",
        "passed": false,
        "severity": "hard",
        "reason": "missing_dof:FD_SURGE",
        "source_role": "derived_metric",
        "tags": [
          "missing_dof"
        ]
      },
      {
        "name": "missing_dof",
        "passed": false,
        "severity": "hard",
        "reason": "missing_dof:FD_SWAY",
        "source_role": "derived_metric",
        "tags": [
          "missing_dof"
        ]
      },
      {
        "name": "missing_dof",
        "passed": false,
        "severity": "hard",
        "reason": "missing_dof:FD_YAW",
        "source_role": "derived_metric",
        "tags": [
          "missing_dof"
        ]
      },
      {
        "name": "strong_leak",
        "passed": false,
        "severity": "hard",
        "reason": "strong_leak:FD_HEAVE->Pitch:0.842>ref0.0814",
        "source_role": "derived_metric",
        "tags": [
          "strong_leak"
        ]
      },
      {
        "name": "strong_leak",
        "passed": false,
        "severity": "hard",
        "reason": "strong_leak:FD_HEAVE->Roll:1.36>ref0.231",
        "source_role": "derived_metric",
        "tags": [
          "strong_leak"
        ]
      },
      {
        "name": "strong_leak",
        "passed": false,
        "severity": "hard",
        "reason": "strong_leak:FD_HEAVE->Yaw:0.813>ref0.0969",
        "source_role": "derived_metric",
        "tags": [
          "strong_leak"
        ]
      }
    ]
  },
  "verdict": {
    "status": "EVIDENCE_ONLY",
    "reason": "incomplete suite: 1/6 DOFs have metrics",
    "hard_constraint_violations": [
      "missing_dof:FD_PITCH",
      "missing_dof:FD_ROLL",
      "missing_dof:FD_SURGE",
      "missing_dof:FD_SWAY",
      "missing_dof:FD_YAW",
      "strong_leak:FD_HEAVE->Pitch:0.842>ref0.0814",
      "strong_leak:FD_HEAVE->Roll:1.36>ref0.231",
      "strong_leak:FD_HEAVE->Yaw:0.813>ref0.0969"
    ],
    "tags": [
      "incomplete_suite"
    ]
  },
  "artifact_policy": "retain_full",
  "created_at": "2026-07-07T13:59:00+00:00",
  "evidence_sources": [
    "04_current_runs/runs/RUN_0001_FD_HEAVE_IMP_HEAVE_02259Z0000_S1/input",
    "04_current_runs/runs/RUN_0001_FD_HEAVE_IMP_HEAVE_02259Z0000_S1/input/qg_r001_center_heave_adcda246.fst",
    "04_current_runs/runs/RUN_0001_FD_HEAVE_IMP_HEAVE_02259Z0000_S1/output"
  ],