{
  "run_id": "RC_IMP_SURGE_MEA0787_112112",
  "parent_id": "RBQ90_PBL255_IMPORTED_PACKAGE",
  "stage": "offline_import",
  "parameter_group": "mooring",
  "parameter_delta": {
    "hydrodyn_edits": [],
    "moordyn": {
      "EA_scale": 0.78729
    },
    "initial_conditions": {},
    "tmax": null,
    "decision_meta": {
      "signed_ic_bquad_tune": null,
      "selected_dof_candidates": {},
      "bquad_multipliers": {},
      "signed_initial_conditions": {},
      "dof_packages": []
    },
    "changed_parameters": "MoorDyn.EA_scale"
  },
  "input_hash": "RUN_0003_FD_SURGE_IMP_SURGE_MEA0787_112112",
  "target_source": "active_curated_processed_reference",
  "observation": {
    "candidate_id": "IMP_SURGE_MEA0787_112112",
    "source": "active_registry_results",
    "per_dof_metrics": {
      "FD_SURGE": {
        "run_id": "RUN_0003_FD_SURGE_IMP_SURGE_MEA0787_112112",
        "metric_status": "PASS",
        "period": 89.45,
        "reference_period": 82.763612,
        "period_error_pct": 8.0788977,
        "zeta": 0.0093186962,
        "reference_zeta": 0.020242479,
        "nrmse": 0.18404614,
        "j_dof": 0.18404614,
        "j_shape": 1.2995629,
        "envelope_error": 0.35177077,
        "ler_error": 0.087237264,
        "fp_error": 0.11771866,
        "start_amplitude_error": null,
        "leak": {
          "Sway": 0.10664945653018834,
          "Heave": 0.154266222835843,
          "Roll": 0.2088642087896793,
          "Pitch": 0.1563450220089661,
          "Yaw": 0.23687487904330368
        },
        "reference_leak": {
          "Sway": 0.15896017090110728,
          "Heave": 0.01968059507325694,
          "Roll": 0.03291602612100948,
          "Pitch": 0.10723769417504003,
          "Yaw": 0.03816688415976064
        },
        "morph": {
          "J_wave": 0.18404613797569133,
          "J_shape": 1.2995628991438228,
          "env_err": 0.3517707653766924,
          "fp_err": 0.11771865531670098,
          "LERD": 0.003995852928715648,
          "LERM": 0.003647265652376956,
          "LER_err": 0.08723726387265593,
          "Tend": 740.9499999999999
        }
      }
    },
    "cross_energy_matrix": {
      "FD_SURGE": {
        "Sway": 0.10664945653018834,
        "Heave": 0.154266222835843,
        "Roll": 0.2088642087896793,
        "Pitch": 0.1563450220089661,
        "Yaw": 0.23687487904330368
      }
    },
    "reference_cross_energy_matrix": {
      "FD_SURGE": {
        "Sway": 0.15896017090110728,
        "Heave": 0.01968059507325694,
        "Roll": 0.03291602612100948,
        "Pitch": 0.10723769417504003,
        "Yaw": 0.03816688415976064
      }
    },
    "equilibrium": {},
    "artifacts": {
      "runs": {
        "FD_SURGE": {
          "run_id": "RUN_0003_FD_SURGE_IMP_SURGE_MEA0787_112112",
          "run_dir": "04_current_runs/runs/RUN_0003_FD_SURGE_IMP_SURGE_MEA0787_112112",
          "logs_dir": "04_current_runs/runs/RUN_0003_FD_SURGE_IMP_SURGE_MEA0787_112112/logs",
          "manifest_path": "04_current_runs/runs/RUN_0003_FD_SURGE_IMP_SURGE_MEA0787_112112/manifest.json",
          "fst_file": "04_current_runs/runs/RUN_0003_FD_SURGE_IMP_SURGE_MEA0787_112112/input/qg_r001_center_surge_9d3daf69.fst",
          "input_dir": "04_current_runs/runs/RUN_0003_FD_SURGE_IMP_SURGE_MEA0787_112112/input",
          "output_dir": "04_current_runs/runs/RUN_0003_FD_SURGE_IMP_SURGE_MEA0787_112112/output",
          "main_output_path": "04_current_runs/runs/RUN_0003_FD_SURGE_IMP_SURGE_MEA0787_112112/input/qg_r001_center_surge_9d3daf69.out",
          "stdout_path": "04_current_runs/runs/RUN_0003_FD_SURGE_IMP_SURGE_MEA0787_112112/logs/stdout.txt",
          "stderr_path": "04_current_runs/runs/RUN_0003_FD_SURGE_IMP_SURGE_MEA0787_112112/logs/stderr.txt",
          "notes": "metrics computed from 04_current_runs/runs/RUN_0003_FD_SURGE_IMP_SURGE_MEA0787_112112/input/qg_r001_center_surge_9d3daf69.out"
        }
      },
      "ignored_results": []
    }
  },
  "objective": {
    "global_score": 1.3493532344735713,
    "weights": {
      "period": 0.35,
      "env": 0.25,
      "ler": 0.2,
      "fp": 0.1,
      "zeta": 0.1
    },
    "per_dof": {
      "FD_SURGE": {
        "score": 1.3493532344735713,
        "period_error_pct": 8.0788977,
        "period_error_abs_pct": 8.0788977,
        "envelope_error": 0.35177077,
        "ler_error": 0.087237264,
        "fp_error": 0.11771866,
        "zeta_error_ratio": 0.5396464929023762,
        "closed": false
      }
    },
    "hard_constraint_violations": [
      "missing_dof:FD_HEAVE",
      "missing_dof:FD_PITCH",
      "missing_dof:FD_ROLL",
      "missing_dof:FD_SWAY",
      "missing_dof:FD_YAW"
    ],
    "predicate_results": [
      {
        "name": "missing_dof",
        "passed": false,
        "severity": "hard",
        "reason": "missing_dof:FD_HEAVE",
        "source_role": "derived_metric",
        "tags": [
          "missing_dof"
        ]
      },
      {
        "name": "missing_dof",
        "passed": false,
        "severity": "hard",
        "reason": "missing_dof:FD_PITCH",
        "source_role": "derived_metric",
        "tags": [
          "missing_dof"
        ]
      },
      {
        "name": "missing_dof",
        "passed": false,
        "severity": "hard",
        "reason": "missing_dof:FD_ROLL",
        "source_role": "derived_metric",
        "tags": [
          "missing_dof"
        ]
      },
      {
        "name": "missing_dof",
        "passed": false,
        "severity": "hard",
        "reason": "missing_dof:FD_SWAY",
        "source_role": "derived_metric",
        "tags": [
          "missing_dof"
        ]
      },
      {
        "name": "missing_dof",
        "passed": false,
        "severity": "hard",
        "reason": "missing_dof:FD_YAW",
        "source_role": "derived_metric",
        "tags": [
          "missing_dof"
        ]
      }
    ]
  },
  "verdict": {
    "status": "EVIDENCE_ONLY",
    "reason": "incomplete suite: 1/6 DOFs have metrics",
    "hard_constraint_violations": [
      "missing_dof:FD_HEAVE",
      "missing_dof:FD_PITCH",
      "missing_dof:FD_ROLL",
      "missing_dof:FD_SWAY",
      "missing_dof:FD_YAW"
    ],
    "tags": [
      "incomplete_suite"
    ]
  },
  "artifact_policy": "summary_only",
  "created_at": "2026-07-07T13:59:00+00:00",
  "evidence_sources": [
    "04_current_runs/runs/RUN_0003_FD_SURGE_IMP_SURGE_MEA0787_112112/input",
    "04_current_runs/runs/RUN_0003_FD_SURGE_IMP_SURGE_MEA0787_112112/input/qg_r001_center_surge_9d3daf69.fst",
    "04_current_runs/runs/RUN_0003_FD_SURGE_IMP_SURGE_MEA0787_112112/output"
  ],
  "oracle_id": "oracle_c26754c99eb2607c",
  "epoch_id": "oracle_c26754c99eb2607c",
  "predicate_results": [
    {
      "name": "missing_dof",
      "passed": false,
      "severity": "hard",
      "reason": "missing_dof:FD_HEAVE",
      "source_role": "derived_metric",
      "tags": [
        "missing_dof"
      ]
    },
    {
      "name": "missing_dof",
      "passed": false,
      "severity": "hard",
      "reason": "missing_dof:FD_PITCH",
      "source_role": "derived_metric",
      "tags": [
        "missing_dof"
      ]
    },
    {
      "name": "missing_dof",
      "passed": false,
      "severity": "hard",
      "reason": "missing_dof:FD_ROLL",
      "source_role": "derived_metric",
      "tags": [
        "missing_dof"
      ]
    },
    {
      "name": "missing_dof",
      "passed": false,
      "severity": "hard",
      "reason": "missing_dof:FD_SWAY",
      "source_role": "derived_metric",
      "tags": [
        "missing_dof"
      ]
    },
    {
      "name": "missing_dof",
      "passed": false,
      "severity": "hard",
      "reason": "missing_dof:FD_YAW",
      "source_role": "derived_metric",