{
  "run_id": "RC_SURGE_IC70_EA20",
  "parent_id": "AMP_SH_06121500",
  "stage": "offline_import",
  "parameter_group": "mooring",
  "parameter_delta": {
    "hydrodyn_edits": [],
    "moordyn": {
      "EA_scale": 2.0
    },
    "initial_conditions": {
      "Surge": -16.2507835
    },
    "tmax": 900,
    "decision_meta": {
      "signed_ic_bquad_tune": null,
      "selected_dof_candidates": {},
      "bquad_multipliers": {},
      "signed_initial_conditions": {},
      "dof_packages": []
    },
    "changed_parameters": "MoorDyn.EA_scale;IC.Surge;FST.TMax"
  },
  "input_hash": "RUN_0002_FD_SURGE_SURGE_IC70_EA20",
  "target_source": "active_curated_processed_reference",
  "observation": {
    "candidate_id": "SURGE_IC70_EA20",
    "source": "active_registry_results",
    "per_dof_metrics": {
      "FD_SURGE": {
        "run_id": "RUN_0002_FD_SURGE_SURGE_IC70_EA20",
        "metric_status": "PASS",
        "period": 72.116667,
        "reference_period": 82.763612,
        "period_error_pct": 12.864284,
        "zeta": 0.017220267,
        "reference_zeta": 0.020242479,
        "nrmse": 0.080094172,
        "j_dof": 0.080094172,
        "j_shape": 1.4691818,
        "envelope_error": 0.38749652,
        "ler_error": 3.7003993,
        "fp_error": 0.27674836,
        "start_amplitude_error": 0.2299079,
        "leak": {
          "Sway": 0.29917297842713575,
          "Heave": 0.1592719218597398,
          "Roll": 0.20596876216857155,
          "Pitch": 0.12492787217946735,
          "Yaw": 0.2217227815225248
        },
        "reference_leak": {
          "Sway": 0.15896017090110728,
          "Heave": 0.01968059507325694,
          "Roll": 0.03291602612100948,
          "Pitch": 0.10723769417504003,
          "Yaw": 0.03816688415976064
        },
        "morph": {
          "J_wave": 0.080094172440203,
          "J_shape": 1.4691817998343613,
          "env_err": 0.3874965161300824,
          "fp_err": 0.27674835701313905,
          "LERD": 0.003995852928715648,
          "LERM": 0.018782104124995366,
          "LER_err": 3.7003992539415944,
          "Tend": 740.9499999999999
        }
      }
    },
    "cross_energy_matrix": {
      "FD_SURGE": {
        "Sway": 0.29917297842713575,
        "Heave": 0.1592719218597398,
        "Roll": 0.20596876216857155,
        "Pitch": 0.12492787217946735,
        "Yaw": 0.2217227815225248
      }
    },
    "reference_cross_energy_matrix": {
      "FD_SURGE": {
        "Sway": 0.15896017090110728,
        "Heave": 0.01968059507325694,
        "Roll": 0.03291602612100948,
        "Pitch": 0.10723769417504003,
        "Yaw": 0.03816688415976064
      }
    },
    "equilibrium": {},
    "artifacts": {
      "runs": {
        "FD_SURGE": {
          "run_id": "RUN_0002_FD_SURGE_SURGE_IC70_EA20",
          "run_dir": "04_current_runs/runs/RUN_0002_FD_SURGE_SURGE_IC70_EA20",
          "logs_dir": "04_current_runs/runs/RUN_0002_FD_SURGE_SURGE_IC70_EA20/logs",
          "manifest_path": "04_current_runs/runs/RUN_0002_FD_SURGE_SURGE_IC70_EA20/manifest.json",
          "fst_file": "04_current_runs/runs/RUN_0002_FD_SURGE_SURGE_IC70_EA20/input/qg_r001_center_surge_9d3daf69.fst",
          "input_dir": "04_current_runs/runs/RUN_0002_FD_SURGE_SURGE_IC70_EA20/input",
          "output_dir": "04_current_runs/runs/RUN_0002_FD_SURGE_SURGE_IC70_EA20/output",
          "main_output_path": "04_current_runs/runs/RUN_0002_FD_SURGE_SURGE_IC70_EA20/input/qg_r001_center_surge_9d3daf69.out",
          "stdout_path": "04_current_runs/runs/RUN_0002_FD_SURGE_SURGE_IC70_EA20/logs/stdout.txt",
          "stderr_path": "04_current_runs/runs/RUN_0002_FD_SURGE_SURGE_IC70_EA20/logs/stderr.txt",
          "notes": "metrics computed from 04_current_runs/runs/RUN_0002_FD_SURGE_SURGE_IC70_EA20/input/qg_r001_center_surge_9d3daf69.out"
        }
      },
      "ignored_results": []
    }
  },
  "objective": {
    "global_score": 3.4687318605011006,
    "weights": {
      "period": 0.35,
      "env": 0.25,
      "ler": 0.2,
      "fp": 0.1,
      "zeta": 0.1
    },
    "per_dof": {
      "FD_SURGE": {
        "score": 3.4687318605011006,
        "period_error_pct": 12.864284,
        "period_error_abs_pct": 12.864284,
        "envelope_error": 0.38749652,
        "ler_error": 3.7003993,
        "fp_error": 0.27674836,
        "zeta_error_ratio": 0.14930048834433765,
        "closed": false
      }
    },
    "hard_constraint_violations": [
      "missing_dof:FD_HEAVE",
      "missing_dof:FD_PITCH",
      "missing_dof:FD_ROLL",
      "missing_dof:FD_SWAY",
      "missing_dof:FD_YAW"
    ],
    "predicate_results": [
      {
        "name": "missing_dof",
        "passed": false,
        "severity": "hard",
        "reason": "missing_dof:FD_HEAVE",
        "source_role": "derived_metric",
        "tags": [
          "missing_dof"
        ]
      },
      {
        "name": "missing_dof",
        "passed": false,
        "severity": "hard",
        "reason": "missing_dof:FD_PITCH",
        "source_role": "derived_metric",
        "tags": [
          "missing_dof"
        ]
      },
      {
        "name": "missing_dof",
        "passed": false,
        "severity": "hard",
        "reason": "missing_dof:FD_ROLL",
        "source_role": "derived_metric",
        "tags": [
          "missing_dof"
        ]
      },
      {
        "name": "missing_dof",
        "passed": false,
        "severity": "hard",
        "reason": "missing_dof:FD_SWAY",
        "source_role": "derived_metric",
        "tags": [
          "missing_dof"
        ]
      },
      {
        "name": "missing_dof",
        "passed": false,
        "severity": "hard",
        "reason": "missing_dof:FD_YAW",
        "source_role": "derived_metric",
        "tags": [
          "missing_dof"
        ]
      }
    ]
  },
  "verdict": {
    "status": "EVIDENCE_ONLY",
    "reason": "incomplete suite: 1/6 DOFs have metrics",
    "hard_constraint_violations": [
      "missing_dof:FD_HEAVE",
      "missing_dof:FD_PITCH",
      "missing_dof:FD_ROLL",
      "missing_dof:FD_SWAY",
      "missing_dof:FD_YAW"
    ],
    "tags": [
      "incomplete_suite"
    ]
  },
  "artifact_policy": "summary_only",
  "created_at": "2026-07-07T13:59:00+00:00",
  "evidence_sources": [
    "04_current_runs/runs/RUN_0002_FD_SURGE_SURGE_IC70_EA20/input",
    "04_current_runs/runs/RUN_0002_FD_SURGE_SURGE_IC70_EA20/input/qg_r001_center_surge_9d3daf69.fst",
    "04_current_runs/runs/RUN_0002_FD_SURGE_SURGE_IC70_EA20/output"
  ],
  "oracle_id": "oracle_c26754c99eb2607c",
  "epoch_id": "oracle_c26754c99eb2607c",
  "predicate_results": [
    {
      "name": "missing_dof",
      "passed": false,
      "severity": "hard",
      "reason": "missing_dof:FD_HEAVE",
      "source_role": "derived_metric",
      "tags": [
        "missing_dof"
      ]
    },
    {
      "name": "missing_dof",
      "passed": false,
      "severity": "hard",
      "reason": "missing_dof:FD_PITCH",
      "source_role": "derived_metric",
      "tags": [
        "missing_dof"
      ]
    },
    {
      "name": "missing_dof",
      "passed": false,
      "severity": "hard",
      "reason": "missing_dof:FD_ROLL",
      "source_role": "derived_metric",
      "tags": [
        "missing_dof"
      ]
    },
    {
      "name": "missing_dof",
      "passed": false,
      "severity": "hard",
      "reason": "missing_dof:FD_SWAY",
      "source_role": "derived_metric",
      "tags": [
        "missing_dof"
      ]
    },
    {
      "name": "missing_dof",
      "passed": false,
      "severity": "hard",
      "reason": "missing_dof:FD_YAW",
      "source_role": "derived_metric",
      "tags": [
        "missing_dof"
      ]
    }
  ],
  "step_decision": {
    "status": "EVIDENCE_ONLY",