{
  "run_id": "RC_SWAY_TTDSS_N22_07040812",
  "parent_id": "AMP_SH_SY_R965_H058_SWTTD_N2_07040340_BQIC_0704043815",
  "stage": "offline_import",
  "parameter_group": "diagonal_hydro",
  "parameter_delta": {
    "hydrodyn_edits": [],
    "moordyn": {},
    "initial_conditions": {},
    "tmax": 900,
    "decision_meta": {
      "signed_ic_bquad_tune": null,
      "selected_dof_candidates": {},
      "bquad_multipliers": {},
      "signed_initial_conditions": {},
      "dof_packages": []
    },
    "changed_parameters": "FST.TMax"
  },
  "input_hash": "RUN_0001_FD_SWAY_SWAY_TTDSS_N22_07040812",
  "target_source": "active_curated_processed_reference",
  "observation": {
    "candidate_id": "SWAY_TTDSS_N22_07040812",
    "source": "active_registry_results",
    "per_dof_metrics": {
      "FD_SWAY": {
        "run_id": "RUN_0001_FD_SWAY_SWAY_TTDSS_N22_07040812",
        "metric_status": "PASS",
        "period": 83.323333,
        "reference_period": 79.430459,
        "period_error_pct": 4.9009847,
        "zeta": 0.020161056,
        "reference_zeta": 0.023182848,
        "nrmse": 0.050301448,
        "j_dof": 0.050301448,
        "j_shape": 1.1758303,
        "envelope_error": 0.28778853,
        "ler_error": 0.045685958,
        "fp_error": 0.04462595,
        "start_amplitude_error": 0.01931846,
        "leak": {
          "Surge": 0.3405492957173878,
          "Heave": 0.18523238824737698,
          "Roll": 0.23696169297145458,
          "Pitch": 0.13151099716718867,
          "Yaw": 0.4476821517250957
        },
        "reference_leak": {
          "Surge": 0.09911156186697814,
          "Heave": 0.018040555839837675,
          "Roll": 0.11940848210435888,
          "Pitch": 0.0384504331662194,
          "Yaw": 0.1166189583607766
        },
        "morph": {
          "J_wave": 0.050301448263109734,
          "J_shape": 1.1758302837032335,
          "env_err": 0.2877885295518461,
          "fp_err": 0.04462594987968075,
          "LERD": 0.008732298675839493,
          "LERM": 0.0091312421084908,
          "LER_err": 0.04568595824088128,
          "Tend": 899.8
        }
      }
    },
    "cross_energy_matrix": {
      "FD_SWAY": {
        "Surge": 0.3405492957173878,
        "Heave": 0.18523238824737698,
        "Roll": 0.23696169297145458,
        "Pitch": 0.13151099716718867,
        "Yaw": 0.4476821517250957
      }
    },
    "reference_cross_energy_matrix": {
      "FD_SWAY": {
        "Surge": 0.09911156186697814,
        "Heave": 0.018040555839837675,
        "Roll": 0.11940848210435888,
        "Pitch": 0.0384504331662194,
        "Yaw": 0.1166189583607766
      }
    },
    "equilibrium": {},
    "artifacts": {
      "runs": {
        "FD_SWAY": {
          "run_id": "RUN_0001_FD_SWAY_SWAY_TTDSS_N22_07040812",
          "run_dir": "04_current_runs/runs/RUN_0001_FD_SWAY_SWAY_TTDSS_N22_07040812",
          "logs_dir": "04_current_runs/runs/RUN_0001_FD_SWAY_SWAY_TTDSS_N22_07040812/logs",
          "manifest_path": "04_current_runs/runs/RUN_0001_FD_SWAY_SWAY_TTDSS_N22_07040812/manifest.json",
          "fst_file": "04_current_runs/runs/RUN_0001_FD_SWAY_SWAY_TTDSS_N22_07040812/input/qg_r001_center_sway_ac064de6.fst",
          "input_dir": "04_current_runs/runs/RUN_0001_FD_SWAY_SWAY_TTDSS_N22_07040812/input",
          "output_dir": "04_current_runs/runs/RUN_0001_FD_SWAY_SWAY_TTDSS_N22_07040812/output",
          "main_output_path": "04_current_runs/runs/RUN_0001_FD_SWAY_SWAY_TTDSS_N22_07040812/input/qg_r001_center_sway_ac064de6.out",
          "stdout_path": "04_current_runs/runs/RUN_0001_FD_SWAY_SWAY_TTDSS_N22_07040812/logs/stdout.txt",
          "stderr_path": "04_current_runs/runs/RUN_0001_FD_SWAY_SWAY_TTDSS_N22_07040812/logs/stderr.txt",
          "notes": "metrics computed from 04_current_runs/runs/RUN_0001_FD_SWAY_SWAY_TTDSS_N22_07040812/input/qg_r001_center_sway_ac064de6.out"
        }
      },
      "ignored_results": []
    }
  },
  "objective": {
    "global_score": 0.8201466565834392,
    "weights": {
      "period": 0.35,
      "env": 0.25,
      "ler": 0.2,
      "fp": 0.1,
      "zeta": 0.1
    },
    "per_dof": {
      "FD_SWAY": {
        "score": 0.8201466565834392,
        "period_error_pct": 4.9009847,
        "period_error_abs_pct": 4.9009847,
        "envelope_error": 0.28778853,
        "ler_error": 0.045685958,
        "fp_error": 0.04462595,
        "zeta_error_ratio": 0.13034602133439338,
        "closed": false
      }
    },
    "hard_constraint_violations": [
      "missing_dof:FD_HEAVE",
      "missing_dof:FD_PITCH",
      "missing_dof:FD_ROLL",
      "missing_dof:FD_SURGE",
      "missing_dof:FD_YAW"
    ],
    "predicate_results": [
      {
        "name": "missing_dof",
        "passed": false,
        "severity": "hard",
        "reason": "missing_dof:FD_HEAVE",
        "source_role": "derived_metric",
        "tags": [
          "missing_dof"
        ]
      },
      {
        "name": "missing_dof",
        "passed": false,
        "severity": "hard",
        "reason": "missing_dof:FD_PITCH",
        "source_role": "derived_metric",
        "tags": [
          "missing_dof"
        ]
      },
      {
        "name": "missing_dof",
        "passed": false,
        "severity": "hard",
        "reason": "missing_dof:FD_ROLL",
        "source_role": "derived_metric",
        "tags": [
          "missing_dof"
        ]
      },
      {
        "name": "missing_dof",
        "passed": false,
        "severity": "hard",
        "reason": "missing_dof:FD_SURGE",
        "source_role": "derived_metric",
        "tags": [
          "missing_dof"
        ]
      },
      {
        "name": "missing_dof",
        "passed": false,
        "severity": "hard",
        "reason": "missing_dof:FD_YAW",
        "source_role": "derived_metric",
        "tags": [
          "missing_dof"
        ]
      }
    ]
  },
  "verdict": {
    "status": "EVIDENCE_ONLY",
    "reason": "incomplete suite: 1/6 DOFs have metrics",
    "hard_constraint_violations": [
      "missing_dof:FD_HEAVE",
      "missing_dof:FD_PITCH",
      "missing_dof:FD_ROLL",
      "missing_dof:FD_SURGE",
      "missing_dof:FD_YAW"
    ],
    "tags": [
      "incomplete_suite"
    ]
  },
  "artifact_policy": "summary_only",
  "created_at": "2026-07-07T13:59:00+00:00",
  "evidence_sources": [
    "04_current_runs/runs/RUN_0001_FD_SWAY_SWAY_TTDSS_N22_07040812/input",
    "04_current_runs/runs/RUN_0001_FD_SWAY_SWAY_TTDSS_N22_07040812/input/qg_r001_center_sway_ac064de6.fst",
    "04_current_runs/runs/RUN_0001_FD_SWAY_SWAY_TTDSS_N22_07040812/output"
  ],
  "oracle_id": "oracle_c26754c99eb2607c",
  "epoch_id": "oracle_c26754c99eb2607c",
  "predicate_results": [
    {
      "name": "missing_dof",
      "passed": false,
      "severity": "hard",
      "reason": "missing_dof:FD_HEAVE",
      "source_role": "derived_metric",
      "tags": [
        "missing_dof"
      ]
    },
    {
      "name": "missing_dof",
      "passed": false,
      "severity": "hard",
      "reason": "missing_dof:FD_PITCH",
      "source_role": "derived_metric",
      "tags": [
        "missing_dof"
      ]
    },
    {
      "name": "missing_dof",
      "passed": false,
      "severity": "hard",
      "reason": "missing_dof:FD_ROLL",
      "source_role": "derived_metric",
      "tags": [
        "missing_dof"
      ]
    },
    {
      "name": "missing_dof",
      "passed": false,
      "severity": "hard",
      "reason": "missing_dof:FD_SURGE",
      "source_role": "derived_metric",
      "tags": [
        "missing_dof"
      ]
    },
    {
      "name": "missing_dof",
      "passed": false,
      "severity": "hard",
      "reason": "missing_dof:FD_YAW",
      "source_role": "derived_metric",