{
  "run_id": "RC_SURGE_IC70_EA130",
  "parent_id": "AMP_SH_06121500",
  "stage": "offline_import",
  "parameter_group": "mooring",
  "parameter_delta": {
    "hydrodyn_edits": [],
    "moordyn": {
      "EA_scale": 1.3
    },
    "initial_conditions": {
      "Surge": -16.2507835
    },
    "tmax": 900,
    "decision_meta": {
      "signed_ic_bquad_tune": null,
      "selected_dof_candidates": {},
      "bquad_multipliers": {},
      "signed_initial_conditions": {},
      "dof_packages": []
    },
    "changed_parameters": "MoorDyn.EA_scale;IC.Surge;FST.TMax"
  },
  "input_hash": "RUN_0001_FD_SURGE_SURGE_IC70_EA130",
  "target_source": "active_curated_processed_reference",
  "observation": {
    "candidate_id": "SURGE_IC70_EA130",
    "source": "active_registry_results",
    "per_dof_metrics": {
      "FD_SURGE": {
        "run_id": "RUN_0001_FD_SURGE_SURGE_IC70_EA130",
        "metric_status": "PASS",
        "period": 77.075,
        "reference_period": 82.763612,
        "period_error_pct": 6.8733254,
        "zeta": 0.014242507,
        "reference_zeta": 0.020242479,
        "nrmse": 0.042314449,
        "j_dof": 0.042314449,
        "j_shape": 1.0434405,
        "envelope_error": 0.38186719,
        "ler_error": 4.2808497,
        "fp_error": 0.18866756,
        "start_amplitude_error": 0.18187945,
        "leak": {
          "Sway": 0.2698982057801949,
          "Heave": 0.160081262054603,
          "Roll": 0.2018083276622423,
          "Pitch": 0.0612252101435444,
          "Yaw": 0.14842387982405283
        },
        "reference_leak": {
          "Sway": 0.15896017090110728,
          "Heave": 0.01968059507325694,
          "Roll": 0.03291602612100948,
          "Pitch": 0.10723769417504003,
          "Yaw": 0.03816688415976064
        },
        "morph": {
          "J_wave": 0.04231444886414125,
          "J_shape": 1.043440546100154,
          "env_err": 0.3818671937788605,
          "fp_err": 0.1886675595661603,
          "LERD": 0.003995852928715648,
          "LERM": 0.02110149864352974,
          "LER_err": 4.280849675894405,
          "Tend": 740.9499999999999
        }
      }
    },
    "cross_energy_matrix": {
      "FD_SURGE": {
        "Sway": 0.2698982057801949,
        "Heave": 0.160081262054603,
        "Roll": 0.2018083276622423,
        "Pitch": 0.0612252101435444,
        "Yaw": 0.14842387982405283
      }
    },
    "reference_cross_energy_matrix": {
      "FD_SURGE": {
        "Sway": 0.15896017090110728,
        "Heave": 0.01968059507325694,
        "Roll": 0.03291602612100948,
        "Pitch": 0.10723769417504003,
        "Yaw": 0.03816688415976064
      }
    },
    "equilibrium": {},
    "artifacts": {
      "runs": {
        "FD_SURGE": {
          "run_id": "RUN_0001_FD_SURGE_SURGE_IC70_EA130",
          "run_dir": "04_current_runs/runs/RUN_0001_FD_SURGE_SURGE_IC70_EA130",
          "logs_dir": "04_current_runs/runs/RUN_0001_FD_SURGE_SURGE_IC70_EA130/logs",
          "manifest_path": "04_current_runs/runs/RUN_0001_FD_SURGE_SURGE_IC70_EA130/manifest.json",
          "fst_file": "04_current_runs/runs/RUN_0001_FD_SURGE_SURGE_IC70_EA130/input/qg_r001_center_surge_9d3daf69.fst",
          "input_dir": "04_current_runs/runs/RUN_0001_FD_SURGE_SURGE_IC70_EA130/input",
          "output_dir": "04_current_runs/runs/RUN_0001_FD_SURGE_SURGE_IC70_EA130/output",
          "main_output_path": "04_current_runs/runs/RUN_0001_FD_SURGE_SURGE_IC70_EA130/input/qg_r001_center_surge_9d3daf69.out",
          "stdout_path": "04_current_runs/runs/RUN_0001_FD_SURGE_SURGE_IC70_EA130/logs/stdout.txt",
          "stderr_path": "04_current_runs/runs/RUN_0001_FD_SURGE_SURGE_IC70_EA130/logs/stderr.txt",
          "notes": "metrics computed from 04_current_runs/runs/RUN_0001_FD_SURGE_SURGE_IC70_EA130/input/qg_r001_center_surge_9d3daf69.out"
        }
      },
      "ignored_results": []
    }
  },
  "objective": {
    "global_score": 2.939758303809306,
    "weights": {
      "period": 0.35,
      "env": 0.25,
      "ler": 0.2,
      "fp": 0.1,
      "zeta": 0.1
    },
    "per_dof": {
      "FD_SURGE": {
        "score": 2.939758303809306,
        "period_error_pct": 6.8733254,
        "period_error_abs_pct": 6.8733254,
        "envelope_error": 0.38186719,
        "ler_error": 4.2808497,
        "fp_error": 0.18866756,
        "zeta_error_ratio": 0.2964050005930598,
        "closed": false
      }
    },
    "hard_constraint_violations": [
      "missing_dof:FD_HEAVE",
      "missing_dof:FD_PITCH",
      "missing_dof:FD_ROLL",
      "missing_dof:FD_SWAY",
      "missing_dof:FD_YAW"
    ],
    "predicate_results": [
      {
        "name": "missing_dof",
        "passed": false,
        "severity": "hard",
        "reason": "missing_dof:FD_HEAVE",
        "source_role": "derived_metric",
        "tags": [
          "missing_dof"
        ]
      },
      {
        "name": "missing_dof",
        "passed": false,
        "severity": "hard",
        "reason": "missing_dof:FD_PITCH",
        "source_role": "derived_metric",
        "tags": [
          "missing_dof"
        ]
      },
      {
        "name": "missing_dof",
        "passed": false,
        "severity": "hard",
        "reason": "missing_dof:FD_ROLL",
        "source_role": "derived_metric",
        "tags": [
          "missing_dof"
        ]
      },
      {
        "name": "missing_dof",
        "passed": false,
        "severity": "hard",
        "reason": "missing_dof:FD_SWAY",
        "source_role": "derived_metric",
        "tags": [
          "missing_dof"
        ]
      },
      {
        "name": "missing_dof",
        "passed": false,
        "severity": "hard",
        "reason": "missing_dof:FD_YAW",
        "source_role": "derived_metric",
        "tags": [
          "missing_dof"
        ]
      }
    ]
  },
  "verdict": {
    "status": "EVIDENCE_ONLY",
    "reason": "incomplete suite: 1/6 DOFs have metrics",
    "hard_constraint_violations": [
      "missing_dof:FD_HEAVE",
      "missing_dof:FD_PITCH",
      "missing_dof:FD_ROLL",
      "missing_dof:FD_SWAY",
      "missing_dof:FD_YAW"
    ],
    "tags": [
      "incomplete_suite"
    ]
  },
  "artifact_policy": "summary_only",
  "created_at": "2026-07-07T13:59:00+00:00",
  "evidence_sources": [
    "04_current_runs/runs/RUN_0001_FD_SURGE_SURGE_IC70_EA130/input",
    "04_current_runs/runs/RUN_0001_FD_SURGE_SURGE_IC70_EA130/input/qg_r001_center_surge_9d3daf69.fst",
    "04_current_runs/runs/RUN_0001_FD_SURGE_SURGE_IC70_EA130/output"
  ],
  "oracle_id": "oracle_c26754c99eb2607c",
  "epoch_id": "oracle_c26754c99eb2607c",
  "predicate_results": [
    {
      "name": "missing_dof",
      "passed": false,
      "severity": "hard",
      "reason": "missing_dof:FD_HEAVE",
      "source_role": "derived_metric",
      "tags": [
        "missing_dof"
      ]
    },
    {
      "name": "missing_dof",
      "passed": false,
      "severity": "hard",
      "reason": "missing_dof:FD_PITCH",
      "source_role": "derived_metric",
      "tags": [
        "missing_dof"
      ]
    },
    {
      "name": "missing_dof",
      "passed": false,
      "severity": "hard",
      "reason": "missing_dof:FD_ROLL",
      "source_role": "derived_metric",
      "tags": [
        "missing_dof"
      ]
    },
    {
      "name": "missing_dof",
      "passed": false,
      "severity": "hard",
      "reason": "missing_dof:FD_SWAY",
      "source_role": "derived_metric",
      "tags": [
        "missing_dof"
      ]
    },
    {
      "name": "missing_dof",
      "passed": false,
      "severity": "hard",
      "reason": "missing_dof:FD_YAW",
      "source_role": "derived_metric",
      "tags": [
        "missing_dof"
      ]
    }
  ],
  "step_decision": {
    "status": "EVIDENCE_ONLY",