{
  "run_id": "RC_IMP_PITCH_04323Z0000_S1",
  "parent_id": "RBQ90_PBL255_IMPORTED_PACKAGE",
  "stage": "offline_import",
  "parameter_group": "diagonal_hydro",
  "parameter_delta": {
    "hydrodyn_edits": [
      {
        "block": "CLin",
        "i": 4,
        "j": 4,
        "value": 42498012.900798075
      }
    ],
    "moordyn": {},
    "initial_conditions": {},
    "tmax": null,
    "decision_meta": {
      "signed_ic_bquad_tune": null,
      "selected_dof_candidates": {},
      "bquad_multipliers": {},
      "signed_initial_conditions": {},
      "dof_packages": []
    },
    "changed_parameters": "HydroDyn.CLin[4,4]"
  },
  "input_hash": "RUN_0001_FD_PITCH_IMP_PITCH_04323Z0000_S1",
  "target_source": "active_curated_processed_reference",
  "observation": {
    "candidate_id": "IMP_PITCH_04323Z0000_S1",
    "source": "active_registry_results",
    "per_dof_metrics": {
      "FD_PITCH": {
        "run_id": "RUN_0001_FD_PITCH_IMP_PITCH_04323Z0000_S1",
        "metric_status": "PASS",
        "period": 30.64802,
        "reference_period": 30.598882,
        "period_error_pct": 0.16058556,
        "zeta": 0.015188978,
        "reference_zeta": 0.025569995,
        "nrmse": 0.22777381,
        "j_dof": 0.22777381,
        "j_shape": 2.0017654,
        "envelope_error": 0.16538472,
        "ler_error": 0.25105795,
        "fp_error": 0.020152113,
        "start_amplitude_error": null,
        "leak": {
          "Surge": 0.46775575138692366,
          "Sway": 0.2093178574881137,
          "Heave": 0.3265673174445931,
          "Roll": 0.45898883495409637,
          "Yaw": 0.40314073679113793
        },
        "reference_leak": {
          "Surge": 0.3652553627158409,
          "Sway": 0.11511580438120428,
          "Heave": 0.09709203619753709,
          "Roll": 0.24451383619627762,
          "Yaw": 0.12733165013806358
        },
        "morph": {
          "J_wave": 0.22777380636931308,
          "J_shape": 2.0017653667465667,
          "env_err": 0.16538471858488032,
          "fp_err": 0.020152113097916268,
          "LERD": 0.013125939777430977,
          "LERM": 0.016421311315503086,
          "LER_err": 0.2510579504362988,
          "Tend": 484.68
        }
      }
    },
    "cross_energy_matrix": {
      "FD_PITCH": {
        "Surge": 0.46775575138692366,
        "Sway": 0.2093178574881137,
        "Heave": 0.3265673174445931,
        "Roll": 0.45898883495409637,
        "Yaw": 0.40314073679113793
      }
    },
    "reference_cross_energy_matrix": {
      "FD_PITCH": {
        "Surge": 0.3652553627158409,
        "Sway": 0.11511580438120428,
        "Heave": 0.09709203619753709,
        "Roll": 0.24451383619627762,
        "Yaw": 0.12733165013806358
      }
    },
    "equilibrium": {},
    "artifacts": {
      "runs": {
        "FD_PITCH": {
          "run_id": "RUN_0001_FD_PITCH_IMP_PITCH_04323Z0000_S1",
          "run_dir": "04_current_runs/runs/RUN_0001_FD_PITCH_IMP_PITCH_04323Z0000_S1",
          "logs_dir": "04_current_runs/runs/RUN_0001_FD_PITCH_IMP_PITCH_04323Z0000_S1/logs",
          "manifest_path": "04_current_runs/runs/RUN_0001_FD_PITCH_IMP_PITCH_04323Z0000_S1/manifest.json",
          "fst_file": "04_current_runs/runs/RUN_0001_FD_PITCH_IMP_PITCH_04323Z0000_S1/input/qg_r001_center_pitch_e18abe27.fst",
          "input_dir": "04_current_runs/runs/RUN_0001_FD_PITCH_IMP_PITCH_04323Z0000_S1/input",
          "output_dir": "04_current_runs/runs/RUN_0001_FD_PITCH_IMP_PITCH_04323Z0000_S1/output",
          "main_output_path": "04_current_runs/runs/RUN_0001_FD_PITCH_IMP_PITCH_04323Z0000_S1/input/qg_r001_center_pitch_e18abe27.out",
          "stdout_path": "04_current_runs/runs/RUN_0001_FD_PITCH_IMP_PITCH_04323Z0000_S1/logs/stdout.txt",
          "stderr_path": "04_current_runs/runs/RUN_0001_FD_PITCH_IMP_PITCH_04323Z0000_S1/logs/stderr.txt",
          "notes": "metrics computed from 04_current_runs/runs/RUN_0001_FD_PITCH_IMP_PITCH_04323Z0000_S1/input/qg_r001_center_pitch_e18abe27.out"
        }
      },
      "ignored_results": []
    }
  },
  "objective": {
    "global_score": 0.2799154713729824,
    "weights": {
      "period": 0.35,
      "env": 0.25,
      "ler": 0.2,
      "fp": 0.1,
      "zeta": 0.1
    },
    "per_dof": {
      "FD_PITCH": {
        "score": 0.2799154713729824,
        "period_error_pct": 0.16058556,
        "period_error_abs_pct": 0.16058556,
        "envelope_error": 0.16538472,
        "ler_error": 0.25105795,
        "fp_error": 0.020152113,
        "zeta_error_ratio": 0.40598431872982377,
        "closed": true
      }
    },
    "hard_constraint_violations": [
      "missing_dof:FD_HEAVE",
      "missing_dof:FD_ROLL",
      "missing_dof:FD_SURGE",
      "missing_dof:FD_SWAY",
      "missing_dof:FD_YAW"
    ],
    "predicate_results": [
      {
        "name": "missing_dof",
        "passed": false,
        "severity": "hard",
        "reason": "missing_dof:FD_HEAVE",
        "source_role": "derived_metric",
        "tags": [
          "missing_dof"
        ]
      },
      {
        "name": "missing_dof",
        "passed": false,
        "severity": "hard",
        "reason": "missing_dof:FD_ROLL",
        "source_role": "derived_metric",
        "tags": [
          "missing_dof"
        ]
      },
      {
        "name": "missing_dof",
        "passed": false,
        "severity": "hard",
        "reason": "missing_dof:FD_SURGE",
        "source_role": "derived_metric",
        "tags": [
          "missing_dof"
        ]
      },
      {
        "name": "missing_dof",
        "passed": false,
        "severity": "hard",
        "reason": "missing_dof:FD_SWAY",
        "source_role": "derived_metric",
        "tags": [
          "missing_dof"
        ]
      },
      {
        "name": "missing_dof",
        "passed": false,
        "severity": "hard",
        "reason": "missing_dof:FD_YAW",
        "source_role": "derived_metric",
        "tags": [
          "missing_dof"
        ]
      }
    ]
  },
  "verdict": {
    "status": "EVIDENCE_ONLY",
    "reason": "incomplete suite: 1/6 DOFs have metrics",
    "hard_constraint_violations": [
      "missing_dof:FD_HEAVE",
      "missing_dof:FD_ROLL",
      "missing_dof:FD_SURGE",
      "missing_dof:FD_SWAY",
      "missing_dof:FD_YAW"
    ],
    "tags": [
      "incomplete_suite"
    ]
  },
  "artifact_policy": "summary_only",
  "created_at": "2026-07-07T13:59:00+00:00",
  "evidence_sources": [
    "04_current_runs/runs/RUN_0001_FD_PITCH_IMP_PITCH_04323Z0000_S1/input",
    "04_current_runs/runs/RUN_0001_FD_PITCH_IMP_PITCH_04323Z0000_S1/input/qg_r001_center_pitch_e18abe27.fst",
    "04_current_runs/runs/RUN_0001_FD_PITCH_IMP_PITCH_04323Z0000_S1/output"
  ],
  "oracle_id": "oracle_c26754c99eb2607c",
  "epoch_id": "oracle_c26754c99eb2607c",
  "predicate_results": [
    {
      "name": "missing_dof",
      "passed": false,
      "severity": "hard",
      "reason": "missing_dof:FD_HEAVE",
      "source_role": "derived_metric",
      "tags": [
        "missing_dof"
      ]
    },
    {
      "name": "missing_dof",
      "passed": false,
      "severity": "hard",
      "reason": "missing_dof:FD_ROLL",
      "source_role": "derived_metric",
      "tags": [
        "missing_dof"
      ]
    },
    {
      "name": "missing_dof",
      "passed": false,
      "severity": "hard",
      "reason": "missing_dof:FD_SURGE",
      "source_role": "derived_metric",
      "tags": [
        "missing_dof"
      ]
    },
    {
      "name": "missing_dof",
      "passed": false,
      "severity": "hard",
      "reason": "missing_dof:FD_SWAY",
      "source_role": "derived_metric",
      "tags": [
        "missing_dof"
      ]
    },
    {
      "name": "missing_dof",
      "passed": false,
      "severity": "hard",