{
  "run_id": "RC_IMP_PITCH_04323Z0000_P1",
  "parent_id": "RBQ90_PBL255_IMPORTED_PACKAGE",
  "stage": "offline_import",
  "parameter_group": "diagonal_hydro",
  "parameter_delta": {
    "hydrodyn_edits": [
      {
        "block": "CLin",
        "i": 4,
        "j": 4,
        "value": -21337807.68584594
      }
    ],
    "moordyn": {},
    "initial_conditions": {},
    "tmax": null,
    "decision_meta": {
      "signed_ic_bquad_tune": null,
      "selected_dof_candidates": {},
      "bquad_multipliers": {},
      "signed_initial_conditions": {},
      "dof_packages": []
    },
    "changed_parameters": "HydroDyn.CLin[4,4]"
  },
  "input_hash": "RUN_0001_FD_PITCH_IMP_PITCH_04323Z0000_P1",
  "target_source": "active_curated_processed_reference",
  "observation": {
    "candidate_id": "IMP_PITCH_04323Z0000_P1",
    "source": "active_registry_results",
    "per_dof_metrics": {
      "FD_PITCH": {
        "run_id": "RUN_0001_FD_PITCH_IMP_PITCH_04323Z0000_P1",
        "metric_status": "PASS",
        "period": 31.079751,
        "reference_period": 30.598882,
        "period_error_pct": 1.5715242,
        "zeta": 0.015498798,
        "reference_zeta": 0.025569995,
        "nrmse": 0.22652275,
        "j_dof": 0.22652275,
        "j_shape": 1.8375376,
        "envelope_error": 0.16336823,
        "ler_error": 0.18800492,
        "fp_error": 0.024092768,
        "start_amplitude_error": null,
        "leak": {
          "Surge": 0.3683888906180962,
          "Sway": 0.21406890982505747,
          "Heave": 0.32680729231758165,
          "Roll": 0.45696924517560655,
          "Yaw": 0.5091880453515873
        },
        "reference_leak": {
          "Surge": 0.3652553627158409,
          "Sway": 0.11511580438120428,
          "Heave": 0.09709203619753709,
          "Roll": 0.24451383619627762,
          "Yaw": 0.12733165013806358
        },
        "morph": {
          "J_wave": 0.22652275158065094,
          "J_shape": 1.8375376307566638,
          "env_err": 0.1633682307962764,
          "fp_err": 0.024092767535722606,
          "LERD": 0.013125939777430977,
          "LERM": 0.015593681032476698,
          "LER_err": 0.18800491979163342,
          "Tend": 484.68
        }
      }
    },
    "cross_energy_matrix": {
      "FD_PITCH": {
        "Surge": 0.3683888906180962,
        "Sway": 0.21406890982505747,
        "Heave": 0.32680729231758165,
        "Roll": 0.45696924517560655,
        "Yaw": 0.5091880453515873
      }
    },
    "reference_cross_energy_matrix": {
      "FD_PITCH": {
        "Surge": 0.3652553627158409,
        "Sway": 0.11511580438120428,
        "Heave": 0.09709203619753709,
        "Roll": 0.24451383619627762,
        "Yaw": 0.12733165013806358
      }
    },
    "equilibrium": {},
    "artifacts": {
      "runs": {
        "FD_PITCH": {
          "run_id": "RUN_0001_FD_PITCH_IMP_PITCH_04323Z0000_P1",
          "run_dir": "04_current_runs/runs/RUN_0001_FD_PITCH_IMP_PITCH_04323Z0000_P1",
          "logs_dir": "04_current_runs/runs/RUN_0001_FD_PITCH_IMP_PITCH_04323Z0000_P1/logs",
          "manifest_path": "04_current_runs/runs/RUN_0001_FD_PITCH_IMP_PITCH_04323Z0000_P1/manifest.json",
          "fst_file": "04_current_runs/runs/RUN_0001_FD_PITCH_IMP_PITCH_04323Z0000_P1/input/qg_r001_center_pitch_e18abe27.fst",
          "input_dir": "04_current_runs/runs/RUN_0001_FD_PITCH_IMP_PITCH_04323Z0000_P1/input",
          "output_dir": "04_current_runs/runs/RUN_0001_FD_PITCH_IMP_PITCH_04323Z0000_P1/output",
          "main_output_path": "04_current_runs/runs/RUN_0001_FD_PITCH_IMP_PITCH_04323Z0000_P1/input/qg_r001_center_pitch_e18abe27.out",
          "stdout_path": "04_current_runs/runs/RUN_0001_FD_PITCH_IMP_PITCH_04323Z0000_P1/logs/stdout.txt",
          "stderr_path": "04_current_runs/runs/RUN_0001_FD_PITCH_IMP_PITCH_04323Z0000_P1/logs/stderr.txt",
          "notes": "metrics computed from 04_current_runs/runs/RUN_0001_FD_PITCH_IMP_PITCH_04323Z0000_P1/input/qg_r001_center_pitch_e18abe27.out"
        }
      },
      "ignored_results": []
    }
  },
  "objective": {
    "global_score": 0.420115685770358,
    "weights": {
      "period": 0.35,
      "env": 0.25,
      "ler": 0.2,
      "fp": 0.1,
      "zeta": 0.1
    },
    "per_dof": {
      "FD_PITCH": {
        "score": 0.420115685770358,
        "period_error_pct": 1.5715242,
        "period_error_abs_pct": 1.5715242,
        "envelope_error": 0.16336823,
        "ler_error": 0.18800492,
        "fp_error": 0.024092768,
        "zeta_error_ratio": 0.39386777353691316,
        "closed": true
      }
    },
    "hard_constraint_violations": [
      "missing_dof:FD_HEAVE",
      "missing_dof:FD_ROLL",
      "missing_dof:FD_SURGE",
      "missing_dof:FD_SWAY",
      "missing_dof:FD_YAW",
      "strong_leak:FD_PITCH->Yaw:0.509>ref0.127"
    ],
    "predicate_results": [
      {
        "name": "missing_dof",
        "passed": false,
        "severity": "hard",
        "reason": "missing_dof:FD_HEAVE",
        "source_role": "derived_metric",
        "tags": [
          "missing_dof"
        ]
      },
      {
        "name": "missing_dof",
        "passed": false,
        "severity": "hard",
        "reason": "missing_dof:FD_ROLL",
        "source_role": "derived_metric",
        "tags": [
          "missing_dof"
        ]
      },
      {
        "name": "missing_dof",
        "passed": false,
        "severity": "hard",
        "reason": "missing_dof:FD_SURGE",
        "source_role": "derived_metric",
        "tags": [
          "missing_dof"
        ]
      },
      {
        "name": "missing_dof",
        "passed": false,
        "severity": "hard",
        "reason": "missing_dof:FD_SWAY",
        "source_role": "derived_metric",
        "tags": [
          "missing_dof"
        ]
      },
      {
        "name": "missing_dof",
        "passed": false,
        "severity": "hard",
        "reason": "missing_dof:FD_YAW",
        "source_role": "derived_metric",
        "tags": [
          "missing_dof"
        ]
      },
      {
        "name": "strong_leak",
        "passed": false,
        "severity": "hard",
        "reason": "strong_leak:FD_PITCH->Yaw:0.509>ref0.127",
        "source_role": "derived_metric",
        "tags": [
          "strong_leak"
        ]
      }
    ]
  },
  "verdict": {
    "status": "EVIDENCE_ONLY",
    "reason": "incomplete suite: 1/6 DOFs have metrics",
    "hard_constraint_violations": [
      "missing_dof:FD_HEAVE",
      "missing_dof:FD_ROLL",
      "missing_dof:FD_SURGE",
      "missing_dof:FD_SWAY",
      "missing_dof:FD_YAW",
      "strong_leak:FD_PITCH->Yaw:0.509>ref0.127"
    ],
    "tags": [
      "incomplete_suite"
    ]
  },
  "artifact_policy": "retain_full",
  "created_at": "2026-07-07T13:59:00+00:00",
  "evidence_sources": [
    "04_current_runs/runs/RUN_0001_FD_PITCH_IMP_PITCH_04323Z0000_P1/input",
    "04_current_runs/runs/RUN_0001_FD_PITCH_IMP_PITCH_04323Z0000_P1/input/qg_r001_center_pitch_e18abe27.fst",
    "04_current_runs/runs/RUN_0001_FD_PITCH_IMP_PITCH_04323Z0000_P1/output"
  ],
  "oracle_id": "oracle_c26754c99eb2607c",
  "epoch_id": "oracle_c26754c99eb2607c",
  "predicate_results": [
    {
      "name": "missing_dof",
      "passed": false,
      "severity": "hard",
      "reason": "missing_dof:FD_HEAVE",
      "source_role": "derived_metric",
      "tags": [
        "missing_dof"
      ]
    },
    {
      "name": "missing_dof",
      "passed": false,
      "severity": "hard",
      "reason": "missing_dof:FD_ROLL",
      "source_role": "derived_metric",
      "tags": [
        "missing_dof"
      ]
    },
    {
      "name": "missing_dof",
      "passed": false,
      "severity": "hard",
      "reason": "missing_dof:FD_SURGE",
      "source_role": "derived_metric",