{
  "run_id": "RC_SURGE_IC70_EA110",
  "parent_id": "AMP_SH_06121500",
  "stage": "offline_import",
  "parameter_group": "mooring",
  "parameter_delta": {
    "hydrodyn_edits": [],
    "moordyn": {
      "EA_scale": 1.1
    },
    "initial_conditions": {
      "Surge": -16.2507835
    },
    "tmax": 900,
    "decision_meta": {
      "signed_ic_bquad_tune": null,
      "selected_dof_candidates": {},
      "bquad_multipliers": {},
      "signed_initial_conditions": {},
      "dof_packages": []
    },
    "changed_parameters": "MoorDyn.EA_scale;IC.Surge;FST.TMax"
  },
  "input_hash": "RUN_0001_FD_SURGE_SURGE_IC70_EA110",
  "target_source": "active_curated_processed_reference",
  "observation": {
    "candidate_id": "SURGE_IC70_EA110",
    "source": "active_registry_results",
    "per_dof_metrics": {
      "FD_SURGE": {
        "run_id": "RUN_0001_FD_SURGE_SURGE_IC70_EA110",
        "metric_status": "PASS",
        "period": 87.014286,
        "reference_period": 82.763612,
        "period_error_pct": 5.1359205,
        "zeta": 0.019966488,
        "reference_zeta": 0.020242479,
        "nrmse": 0.051398002,
        "j_dof": 0.051398002,
        "j_shape": 1.3358849,
        "envelope_error": 0.33753259,
        "ler_error": 5.6326527,
        "fp_error": 0.15966944,
        "start_amplitude_error": 0.16895699,
        "leak": {
          "Sway": 0.1973759207040792,
          "Heave": 0.1523622372667175,
          "Roll": 0.18161982600937732,
          "Pitch": 0.061039300192582684,
          "Yaw": 0.1614703079825618
        },
        "reference_leak": {
          "Sway": 0.15896017090110728,
          "Heave": 0.01968059507325694,
          "Roll": 0.03291602612100948,
          "Pitch": 0.10723769417504003,
          "Yaw": 0.03816688415976064
        },
        "morph": {
          "J_wave": 0.051398001964848464,
          "J_shape": 1.3358848899409415,
          "env_err": 0.3375325882483319,
          "fp_err": 0.1596694356170956,
          "LERD": 0.003995852928715648,
          "LERM": 0.026503104699740224,
          "LER_err": 5.632652695818534,
          "Tend": 740.9499999999999
        }
      }
    },
    "cross_energy_matrix": {
      "FD_SURGE": {
        "Sway": 0.1973759207040792,
        "Heave": 0.1523622372667175,
        "Roll": 0.18161982600937732,
        "Pitch": 0.061039300192582684,
        "Yaw": 0.1614703079825618
      }
    },
    "reference_cross_energy_matrix": {
      "FD_SURGE": {
        "Sway": 0.15896017090110728,
        "Heave": 0.01968059507325694,
        "Roll": 0.03291602612100948,
        "Pitch": 0.10723769417504003,
        "Yaw": 0.03816688415976064
      }
    },
    "equilibrium": {},
    "artifacts": {
      "runs": {
        "FD_SURGE": {
          "run_id": "RUN_0001_FD_SURGE_SURGE_IC70_EA110",
          "run_dir": "04_current_runs/runs/RUN_0001_FD_SURGE_SURGE_IC70_EA110",
          "logs_dir": "04_current_runs/runs/RUN_0001_FD_SURGE_SURGE_IC70_EA110/logs",
          "manifest_path": "04_current_runs/runs/RUN_0001_FD_SURGE_SURGE_IC70_EA110/manifest.json",
          "fst_file": "04_current_runs/runs/RUN_0001_FD_SURGE_SURGE_IC70_EA110/input/qg_r001_center_surge_9d3daf69.fst",
          "input_dir": "04_current_runs/runs/RUN_0001_FD_SURGE_SURGE_IC70_EA110/input",
          "output_dir": "04_current_runs/runs/RUN_0001_FD_SURGE_SURGE_IC70_EA110/output",
          "main_output_path": "04_current_runs/runs/RUN_0001_FD_SURGE_SURGE_IC70_EA110/input/qg_r001_center_surge_9d3daf69.out",
          "stdout_path": "04_current_runs/runs/RUN_0001_FD_SURGE_SURGE_IC70_EA110/logs/stdout.txt",
          "stderr_path": "04_current_runs/runs/RUN_0001_FD_SURGE_SURGE_IC70_EA110/logs/stderr.txt",
          "notes": "metrics computed from 04_current_runs/runs/RUN_0001_FD_SURGE_SURGE_IC70_EA110/input/qg_r001_center_surge_9d3daf69.out"
        }
      },
      "ignored_results": []
    }
  },
  "objective": {
    "global_score": 3.1976309653212946,
    "weights": {
      "period": 0.35,
      "env": 0.25,
      "ler": 0.2,
      "fp": 0.1,
      "zeta": 0.1
    },
    "per_dof": {
      "FD_SURGE": {
        "score": 3.1976309653212946,
        "period_error_pct": 5.1359205,
        "period_error_abs_pct": 5.1359205,
        "envelope_error": 0.33753259,
        "ler_error": 5.6326527,
        "fp_error": 0.15966944,
        "zeta_error_ratio": 0.013634249046275396,
        "closed": false
      }
    },
    "hard_constraint_violations": [
      "missing_dof:FD_HEAVE",
      "missing_dof:FD_PITCH",
      "missing_dof:FD_ROLL",
      "missing_dof:FD_SWAY",
      "missing_dof:FD_YAW"
    ],
    "predicate_results": [
      {
        "name": "missing_dof",
        "passed": false,
        "severity": "hard",
        "reason": "missing_dof:FD_HEAVE",
        "source_role": "derived_metric",
        "tags": [
          "missing_dof"
        ]
      },
      {
        "name": "missing_dof",
        "passed": false,
        "severity": "hard",
        "reason": "missing_dof:FD_PITCH",
        "source_role": "derived_metric",
        "tags": [
          "missing_dof"
        ]
      },
      {
        "name": "missing_dof",
        "passed": false,
        "severity": "hard",
        "reason": "missing_dof:FD_ROLL",
        "source_role": "derived_metric",
        "tags": [
          "missing_dof"
        ]
      },
      {
        "name": "missing_dof",
        "passed": false,
        "severity": "hard",
        "reason": "missing_dof:FD_SWAY",
        "source_role": "derived_metric",
        "tags": [
          "missing_dof"
        ]
      },
      {
        "name": "missing_dof",
        "passed": false,
        "severity": "hard",
        "reason": "missing_dof:FD_YAW",
        "source_role": "derived_metric",
        "tags": [
          "missing_dof"
        ]
      }
    ]
  },
  "verdict": {
    "status": "EVIDENCE_ONLY",
    "reason": "incomplete suite: 1/6 DOFs have metrics",
    "hard_constraint_violations": [
      "missing_dof:FD_HEAVE",
      "missing_dof:FD_PITCH",
      "missing_dof:FD_ROLL",
      "missing_dof:FD_SWAY",
      "missing_dof:FD_YAW"
    ],
    "tags": [
      "incomplete_suite"
    ]
  },
  "artifact_policy": "summary_only",
  "created_at": "2026-07-07T13:59:00+00:00",
  "evidence_sources": [
    "04_current_runs/runs/RUN_0001_FD_SURGE_SURGE_IC70_EA110/input",
    "04_current_runs/runs/RUN_0001_FD_SURGE_SURGE_IC70_EA110/input/qg_r001_center_surge_9d3daf69.fst",
    "04_current_runs/runs/RUN_0001_FD_SURGE_SURGE_IC70_EA110/output"
  ],
  "oracle_id": "oracle_c26754c99eb2607c",
  "epoch_id": "oracle_c26754c99eb2607c",
  "predicate_results": [
    {
      "name": "missing_dof",
      "passed": false,
      "severity": "hard",
      "reason": "missing_dof:FD_HEAVE",
      "source_role": "derived_metric",
      "tags": [
        "missing_dof"
      ]
    },
    {
      "name": "missing_dof",
      "passed": false,
      "severity": "hard",
      "reason": "missing_dof:FD_PITCH",
      "source_role": "derived_metric",
      "tags": [
        "missing_dof"
      ]
    },
    {
      "name": "missing_dof",
      "passed": false,
      "severity": "hard",
      "reason": "missing_dof:FD_ROLL",
      "source_role": "derived_metric",
      "tags": [
        "missing_dof"
      ]
    },
    {
      "name": "missing_dof",
      "passed": false,
      "severity": "hard",
      "reason": "missing_dof:FD_SWAY",
      "source_role": "derived_metric",
      "tags": [
        "missing_dof"
      ]
    },
    {
      "name": "missing_dof",
      "passed": false,
      "severity": "hard",
      "reason": "missing_dof:FD_YAW",
      "source_role": "derived_metric",
      "tags": [
        "missing_dof"
      ]
    }
  ],