{
  "run_id": "RC_IMP_SURGE_MEA0834_114855",
  "parent_id": "RBQ90_PBL255_IMPORTED_PACKAGE",
  "stage": "offline_import",
  "parameter_group": "mooring",
  "parameter_delta": {
    "hydrodyn_edits": [],
    "moordyn": {
      "EA_scale": 0.834
    },
    "initial_conditions": {},
    "tmax": null,
    "decision_meta": {
      "signed_ic_bquad_tune": null,
      "selected_dof_candidates": {},
      "bquad_multipliers": {},
      "signed_initial_conditions": {},
      "dof_packages": []
    },
    "changed_parameters": "MoorDyn.EA_scale"
  },
  "input_hash": "RUN_0001_FD_SURGE_IMP_SURGE_MEA0834_114855",
  "target_source": "active_curated_processed_reference",
  "observation": {
    "candidate_id": "IMP_SURGE_MEA0834_114855",
    "source": "active_registry_results",
    "per_dof_metrics": {
      "FD_SURGE": {
        "run_id": "RUN_0001_FD_SURGE_IMP_SURGE_MEA0834_114855",
        "metric_status": "PASS",
        "period": 84.42795,
        "reference_period": 82.763612,
        "period_error_pct": 2.0109537,
        "zeta": 0.013002845,
        "reference_zeta": 0.020242479,
        "nrmse": 0.18921015,
        "j_dof": 0.18921015,
        "j_shape": 1.5301796,
        "envelope_error": 0.31014551,
        "ler_error": 4.4769134,
        "fp_error": 0.096308528,
        "start_amplitude_error": null,
        "leak": {
          "Sway": 0.1138369012690234,
          "Heave": 0.1475818391331564,
          "Roll": 0.19983140081269177,
          "Pitch": 0.15832136115365786,
          "Yaw": 0.26434887557457726
        },
        "reference_leak": {
          "Sway": 0.15896017090110728,
          "Heave": 0.01968059507325694,
          "Roll": 0.03291602612100948,
          "Pitch": 0.10723769417504003,
          "Yaw": 0.03816688415976064
        },
        "morph": {
          "J_wave": 0.1892101520447676,
          "J_shape": 1.5301795765424187,
          "env_err": 0.3101455077122938,
          "fp_err": 0.09630852803021599,
          "LERD": 0.003995852928715648,
          "LERM": 0.021884940481298736,
          "LER_err": 4.476913407904886,
          "Tend": 740.9499999999999
        }
      }
    },
    "cross_energy_matrix": {
      "FD_SURGE": {
        "Sway": 0.1138369012690234,
        "Heave": 0.1475818391331564,
        "Roll": 0.19983140081269177,
        "Pitch": 0.15832136115365786,
        "Yaw": 0.26434887557457726
      }
    },
    "reference_cross_energy_matrix": {
      "FD_SURGE": {
        "Sway": 0.15896017090110728,
        "Heave": 0.01968059507325694,
        "Roll": 0.03291602612100948,
        "Pitch": 0.10723769417504003,
        "Yaw": 0.03816688415976064
      }
    },
    "equilibrium": {},
    "artifacts": {
      "runs": {
        "FD_SURGE": {
          "run_id": "RUN_0001_FD_SURGE_IMP_SURGE_MEA0834_114855",
          "run_dir": "04_current_runs/runs/RUN_0001_FD_SURGE_IMP_SURGE_MEA0834_114855",
          "logs_dir": "04_current_runs/runs/RUN_0001_FD_SURGE_IMP_SURGE_MEA0834_114855/logs",
          "manifest_path": "04_current_runs/runs/RUN_0001_FD_SURGE_IMP_SURGE_MEA0834_114855/manifest.json",
          "fst_file": "04_current_runs/runs/RUN_0001_FD_SURGE_IMP_SURGE_MEA0834_114855/input/qg_r001_center_surge_9d3daf69.fst",
          "input_dir": "04_current_runs/runs/RUN_0001_FD_SURGE_IMP_SURGE_MEA0834_114855/input",
          "output_dir": "04_current_runs/runs/RUN_0001_FD_SURGE_IMP_SURGE_MEA0834_114855/output",
          "main_output_path": "04_current_runs/runs/RUN_0001_FD_SURGE_IMP_SURGE_MEA0834_114855/input/qg_r001_center_surge_9d3daf69.out",
          "stdout_path": "04_current_runs/runs/RUN_0001_FD_SURGE_IMP_SURGE_MEA0834_114855/logs/stdout.txt",
          "stderr_path": "04_current_runs/runs/RUN_0001_FD_SURGE_IMP_SURGE_MEA0834_114855/logs/stderr.txt",
          "notes": "metrics computed from 04_current_runs/runs/RUN_0001_FD_SURGE_IMP_SURGE_MEA0834_114855/input/qg_r001_center_surge_9d3daf69.out"
        }
      },
      "ignored_results": []
    }
  },
  "objective": {
    "global_score": 2.3352392376523494,
    "weights": {
      "period": 0.35,
      "env": 0.25,
      "ler": 0.2,
      "fp": 0.1,
      "zeta": 0.1
    },
    "per_dof": {
      "FD_SURGE": {
        "score": 2.3352392376523494,
        "period_error_pct": 2.0109537,
        "period_error_abs_pct": 2.0109537,
        "envelope_error": 0.31014551,
        "ler_error": 4.4769134,
        "fp_error": 0.096308528,
        "zeta_error_ratio": 0.35764562235682695,
        "closed": false
      }
    },
    "hard_constraint_violations": [
      "missing_dof:FD_HEAVE",
      "missing_dof:FD_PITCH",
      "missing_dof:FD_ROLL",
      "missing_dof:FD_SWAY",
      "missing_dof:FD_YAW"
    ],
    "predicate_results": [
      {
        "name": "missing_dof",
        "passed": false,
        "severity": "hard",
        "reason": "missing_dof:FD_HEAVE",
        "source_role": "derived_metric",
        "tags": [
          "missing_dof"
        ]
      },
      {
        "name": "missing_dof",
        "passed": false,
        "severity": "hard",
        "reason": "missing_dof:FD_PITCH",
        "source_role": "derived_metric",
        "tags": [
          "missing_dof"
        ]
      },
      {
        "name": "missing_dof",
        "passed": false,
        "severity": "hard",
        "reason": "missing_dof:FD_ROLL",
        "source_role": "derived_metric",
        "tags": [
          "missing_dof"
        ]
      },
      {
        "name": "missing_dof",
        "passed": false,
        "severity": "hard",
        "reason": "missing_dof:FD_SWAY",
        "source_role": "derived_metric",
        "tags": [
          "missing_dof"
        ]
      },
      {
        "name": "missing_dof",
        "passed": false,
        "severity": "hard",
        "reason": "missing_dof:FD_YAW",
        "source_role": "derived_metric",
        "tags": [
          "missing_dof"
        ]
      }
    ]
  },
  "verdict": {
    "status": "EVIDENCE_ONLY",
    "reason": "incomplete suite: 1/6 DOFs have metrics",
    "hard_constraint_violations": [
      "missing_dof:FD_HEAVE",
      "missing_dof:FD_PITCH",
      "missing_dof:FD_ROLL",
      "missing_dof:FD_SWAY",
      "missing_dof:FD_YAW"
    ],
    "tags": [
      "incomplete_suite"
    ]
  },
  "artifact_policy": "summary_only",
  "created_at": "2026-07-07T13:59:00+00:00",
  "evidence_sources": [
    "04_current_runs/runs/RUN_0001_FD_SURGE_IMP_SURGE_MEA0834_114855/input",
    "04_current_runs/runs/RUN_0001_FD_SURGE_IMP_SURGE_MEA0834_114855/input/qg_r001_center_surge_9d3daf69.fst",
    "04_current_runs/runs/RUN_0001_FD_SURGE_IMP_SURGE_MEA0834_114855/output"
  ],
  "oracle_id": "oracle_c26754c99eb2607c",
  "epoch_id": "oracle_c26754c99eb2607c",
  "predicate_results": [
    {
      "name": "missing_dof",
      "passed": false,
      "severity": "hard",
      "reason": "missing_dof:FD_HEAVE",
      "source_role": "derived_metric",
      "tags": [
        "missing_dof"
      ]
    },
    {
      "name": "missing_dof",
      "passed": false,
      "severity": "hard",
      "reason": "missing_dof:FD_PITCH",
      "source_role": "derived_metric",
      "tags": [
        "missing_dof"
      ]
    },
    {
      "name": "missing_dof",
      "passed": false,
      "severity": "hard",
      "reason": "missing_dof:FD_ROLL",
      "source_role": "derived_metric",
      "tags": [
        "missing_dof"
      ]
    },
    {
      "name": "missing_dof",
      "passed": false,
      "severity": "hard",
      "reason": "missing_dof:FD_SWAY",
      "source_role": "derived_metric",
      "tags": [
        "missing_dof"
      ]
    },
    {
      "name": "missing_dof",
      "passed": false,
      "severity": "hard",
      "reason": "missing_dof:FD_YAW",
      "source_role": "derived_metric",