{
  "run_id": "RC_BQIC_SURGE_0611142500_F100",
  "parent_id": "RBQ90_PBL255_IMPORTED_PACKAGE_PERIOD_TUNED_20225Z0000",
  "stage": "offline_import",
  "parameter_group": "diagonal_hydro",
  "parameter_delta": {
    "hydrodyn_edits": [
      {
        "block": "BQuad",
        "i": 0,
        "j": 0,
        "value": 1000000.0
      }
    ],
    "moordyn": {},
    "initial_conditions": {
      "Surge": -13.35
    },
    "tmax": 900,
    "decision_meta": {
      "signed_ic_bquad_tune": true,
      "selected_dof_candidates": {},
      "bquad_multipliers": {},
      "signed_initial_conditions": {},
      "dof_packages": [
        "FD_HEAVE",
        "FD_PITCH",
        "FD_ROLL",
        "FD_SURGE",
        "FD_SWAY",
        "FD_YAW"
      ],
      "bquad_multiplier": 1.0
    },
    "changed_parameters": "HydroDyn.BQuad[0,0];IC.Surge;FST.TMax"
  },
  "input_hash": "RUN_0001_FD_SURGE_BQIC_SURGE_0611142500_F100",
  "target_source": "active_curated_processed_reference",
  "observation": {
    "candidate_id": "BQIC_SURGE_0611142500_F100",
    "source": "active_registry_results",
    "per_dof_metrics": {
      "FD_SURGE": {
        "run_id": "RUN_0001_FD_SURGE_BQIC_SURGE_0611142500_F100",
        "metric_status": "PASS",
        "period": 81.766667,
        "reference_period": 82.763612,
        "period_error_pct": 1.2045701,
        "zeta": 0.014528889,
        "reference_zeta": 0.020242479,
        "nrmse": 0.052759261,
        "j_dof": 0.052759261,
        "j_shape": 1.0788324,
        "envelope_error": 0.39712388,
        "ler_error": 1.6135749,
        "fp_error": 0.34291715,
        "start_amplitude_error": null,
        "leak": {
          "Sway": 0.22337000374412883,
          "Heave": 0.1867704115054067,
          "Roll": 0.23659390988198792,
          "Pitch": 0.08446408297570886,
          "Yaw": 0.17531757423306996
        },
        "reference_leak": {
          "Sway": 0.15896017090110728,
          "Heave": 0.01968059507325694,
          "Roll": 0.03291602612100948,
          "Pitch": 0.10723769417504003,
          "Yaw": 0.03816688415976064
        },
        "morph": {
          "J_wave": 0.05275926107646645,
          "J_shape": 1.078832444678308,
          "env_err": 0.39712388477788885,
          "fp_err": 0.34291715497915826,
          "LERD": 0.003995852928715648,
          "LERM": 0.01044346088659888,
          "LER_err": 1.6135748919957444,
          "Tend": 740.9499999999999
        }
      }
    },
    "cross_energy_matrix": {
      "FD_SURGE": {
        "Sway": 0.22337000374412883,
        "Heave": 0.1867704115054067,
        "Roll": 0.23659390988198792,
        "Pitch": 0.08446408297570886,
        "Yaw": 0.17531757423306996
      }
    },
    "reference_cross_energy_matrix": {
      "FD_SURGE": {
        "Sway": 0.15896017090110728,
        "Heave": 0.01968059507325694,
        "Roll": 0.03291602612100948,
        "Pitch": 0.10723769417504003,
        "Yaw": 0.03816688415976064
      }
    },
    "equilibrium": {},
    "artifacts": {
      "runs": {
        "FD_SURGE": {
          "run_id": "RUN_0001_FD_SURGE_BQIC_SURGE_0611142500_F100",
          "run_dir": "04_current_runs/runs/RUN_0001_FD_SURGE_BQIC_SURGE_0611142500_F100",
          "logs_dir": "04_current_runs/runs/RUN_0001_FD_SURGE_BQIC_SURGE_0611142500_F100/logs",
          "manifest_path": "04_current_runs/runs/RUN_0001_FD_SURGE_BQIC_SURGE_0611142500_F100/manifest.json",
          "fst_file": "04_current_runs/runs/RUN_0001_FD_SURGE_BQIC_SURGE_0611142500_F100/input/qg_r001_center_surge_9d3daf69.fst",
          "input_dir": "04_current_runs/runs/RUN_0001_FD_SURGE_BQIC_SURGE_0611142500_F100/input",
          "output_dir": "04_current_runs/runs/RUN_0001_FD_SURGE_BQIC_SURGE_0611142500_F100/output",
          "main_output_path": "04_current_runs/runs/RUN_0001_FD_SURGE_BQIC_SURGE_0611142500_F100/input/qg_r001_center_surge_9d3daf69.out",
          "stdout_path": "04_current_runs/runs/RUN_0001_FD_SURGE_BQIC_SURGE_0611142500_F100/logs/stdout.txt",
          "stderr_path": "04_current_runs/runs/RUN_0001_FD_SURGE_BQIC_SURGE_0611142500_F100/logs/stderr.txt",
          "notes": "metrics computed from 04_current_runs/runs/RUN_0001_FD_SURGE_BQIC_SURGE_0611142500_F100/input/qg_r001_center_surge_9d3daf69.out"
        }
      },
      "ignored_results": []
    }
  },
  "objective": {
    "global_score": 1.3481555975091069,
    "weights": {
      "period": 0.35,
      "env": 0.25,
      "ler": 0.2,
      "fp": 0.1,
      "zeta": 0.1
    },
    "per_dof": {
      "FD_SURGE": {
        "score": 1.3481555975091069,
        "period_error_pct": 1.2045701,
        "period_error_abs_pct": 1.2045701,
        "envelope_error": 0.39712388,
        "ler_error": 1.6135749,
        "fp_error": 0.34291715,
        "zeta_error_ratio": 0.2822574250910672,
        "closed": false
      }
    },
    "hard_constraint_violations": [
      "missing_dof:FD_HEAVE",
      "missing_dof:FD_PITCH",
      "missing_dof:FD_ROLL",
      "missing_dof:FD_SWAY",
      "missing_dof:FD_YAW"
    ],
    "predicate_results": [
      {
        "name": "missing_dof",
        "passed": false,
        "severity": "hard",
        "reason": "missing_dof:FD_HEAVE",
        "source_role": "derived_metric",
        "tags": [
          "missing_dof"
        ]
      },
      {
        "name": "missing_dof",
        "passed": false,
        "severity": "hard",
        "reason": "missing_dof:FD_PITCH",
        "source_role": "derived_metric",
        "tags": [
          "missing_dof"
        ]
      },
      {
        "name": "missing_dof",
        "passed": false,
        "severity": "hard",
        "reason": "missing_dof:FD_ROLL",
        "source_role": "derived_metric",
        "tags": [
          "missing_dof"
        ]
      },
      {
        "name": "missing_dof",
        "passed": false,
        "severity": "hard",
        "reason": "missing_dof:FD_SWAY",
        "source_role": "derived_metric",
        "tags": [
          "missing_dof"
        ]
      },
      {
        "name": "missing_dof",
        "passed": false,
        "severity": "hard",
        "reason": "missing_dof:FD_YAW",
        "source_role": "derived_metric",
        "tags": [
          "missing_dof"
        ]
      }
    ]
  },
  "verdict": {
    "status": "EVIDENCE_ONLY",
    "reason": "incomplete suite: 1/6 DOFs have metrics",
    "hard_constraint_violations": [
      "missing_dof:FD_HEAVE",
      "missing_dof:FD_PITCH",
      "missing_dof:FD_ROLL",
      "missing_dof:FD_SWAY",
      "missing_dof:FD_YAW"
    ],
    "tags": [
      "incomplete_suite"
    ]
  },
  "artifact_policy": "summary_only",
  "created_at": "2026-07-07T13:59:00+00:00",
  "evidence_sources": [
    "04_current_runs/runs/RUN_0001_FD_SURGE_BQIC_SURGE_0611142500_F100/input",
    "04_current_runs/runs/RUN_0001_FD_SURGE_BQIC_SURGE_0611142500_F100/input/qg_r001_center_surge_9d3daf69.fst",
    "04_current_runs/runs/RUN_0001_FD_SURGE_BQIC_SURGE_0611142500_F100/output"
  ],
  "oracle_id": "oracle_c26754c99eb2607c",
  "epoch_id": "oracle_c26754c99eb2607c",
  "predicate_results": [
    {
      "name": "missing_dof",
      "passed": false,
      "severity": "hard",
      "reason": "missing_dof:FD_HEAVE",
      "source_role": "derived_metric",
      "tags": [
        "missing_dof"
      ]
    },
    {
      "name": "missing_dof",
      "passed": false,
      "severity": "hard",
      "reason": "missing_dof:FD_PITCH",
      "source_role": "derived_metric",
      "tags": [
        "missing_dof"
      ]
    },
    {
      "name": "missing_dof",
      "passed": false,
      "severity": "hard",
      "reason": "missing_dof:FD_ROLL",
      "source_role": "derived_metric",
      "tags": [
        "missing_dof"
      ]
    },
    {
      "name": "missing_dof",