{
  "run_id": "RC_CAND_TEST",
  "parent_id": "STARTING_MODEL",
  "stage": "offline_import",
  "parameter_group": "baseline",
  "parameter_delta": {
    "hydrodyn_edits": [],
    "moordyn": {},
    "initial_conditions": {},
    "tmax": null,
    "decision_meta": {
      "signed_ic_bquad_tune": null,
      "selected_dof_candidates": {},
      "bquad_multipliers": {},
      "signed_initial_conditions": {},
      "dof_packages": []
    },
    "changed_parameters": ""
  },
  "input_hash": "RUN_0002_FD_ROLL_CAND_TEST",
  "target_source": "active_curated_processed_reference",
  "observation": {
    "candidate_id": "CAND_TEST",
    "source": "active_registry_results",
    "per_dof_metrics": {
      "FD_ROLL": {
        "run_id": "RUN_0002_FD_ROLL_CAND_TEST",
        "metric_status": "PASS",
        "period": 32.980433,
        "reference_period": 31.040392,
        "period_error_pct": 6.250052,
        "zeta": 0.0161904,
        "reference_zeta": 0.02049542,
        "nrmse": 0.1097995,
        "j_dof": 0.1097995,
        "j_shape": 0.99393663,
        "envelope_error": 0.98209964,
        "ler_error": 3.6402827,
        "fp_error": 0.98436948,
        "start_amplitude_error": null,
        "leak": {
          "Surge": 22.525047930274553,
          "Sway": 6.385326925003272,
          "Heave": 2.3022827699919626,
          "Pitch": 14.667967295937832,
          "Yaw": 1.5971631349999702
        },
        "reference_leak": {
          "Surge": 0.13004178340036146,
          "Sway": 0.2811231135878405,
          "Heave": 0.032594922860306255,
          "Pitch": 0.24847735333665472,
          "Yaw": 0.10705157585119539
        },
        "morph": {
          "J_wave": 0.10979949911871048,
          "J_shape": 0.9939366340847137,
          "env_err": 0.9820996422304437,
          "fp_err": 0.9843694835712572,
          "LERD": 0.006198794134455628,
          "LERM": 0.028764156990869722,
          "LER_err": 3.6402826690091015,
          "Tend": 534.925
        }
      }
    },
    "cross_energy_matrix": {
      "FD_ROLL": {
        "Surge": 22.525047930274553,
        "Sway": 6.385326925003272,
        "Heave": 2.3022827699919626,
        "Pitch": 14.667967295937832,
        "Yaw": 1.5971631349999702
      }
    },
    "reference_cross_energy_matrix": {
      "FD_ROLL": {
        "Surge": 0.13004178340036146,
        "Sway": 0.2811231135878405,
        "Heave": 0.032594922860306255,
        "Pitch": 0.24847735333665472,
        "Yaw": 0.10705157585119539
      }
    },
    "equilibrium": {},
    "artifacts": {
      "runs": {
        "FD_ROLL": {
          "run_id": "RUN_0002_FD_ROLL_CAND_TEST",
          "run_dir": "04_current_runs/runs/RUN_0002_FD_ROLL_CAND_TEST",
          "logs_dir": "04_current_runs/runs/RUN_0002_FD_ROLL_CAND_TEST/logs",
          "manifest_path": "04_current_runs/runs/RUN_0002_FD_ROLL_CAND_TEST/manifest.json",
          "fst_file": "04_current_runs/runs/RUN_0002_FD_ROLL_CAND_TEST/input/OpenFAST_input_files/IEA-15-240-RWT-UMaineSemi.fst",
          "input_dir": "04_current_runs/runs/RUN_0002_FD_ROLL_CAND_TEST/input",
          "output_dir": "04_current_runs/runs/RUN_0002_FD_ROLL_CAND_TEST/output",
          "main_output_path": "04_current_runs/runs/RUN_0002_FD_ROLL_CAND_TEST/input/OpenFAST_input_files/IEA-15-240-RWT-UMaineSemi.out",
          "stdout_path": "04_current_runs/runs/RUN_0002_FD_ROLL_CAND_TEST/logs/stdout.txt",
          "stderr_path": "04_current_runs/runs/RUN_0002_FD_ROLL_CAND_TEST/logs/stderr.txt",
          "notes": "metrics computed from 04_current_runs/runs/RUN_0002_FD_ROLL_CAND_TEST/input/OpenFAST_input_files/IEA-15-240-RWT-UMaineSemi.out"
        }
      },
      "ignored_results": []
    }
  },
  "objective": {
    "global_score": 3.640410778671858,
    "weights": {
      "period": 0.35,
      "env": 0.25,
      "ler": 0.2,
      "fp": 0.1,
      "zeta": 0.1
    },
    "per_dof": {
      "FD_ROLL": {
        "score": 3.640410778671858,
        "period_error_pct": 6.250052,
        "period_error_abs_pct": 6.250052,
        "envelope_error": 0.98209964,
        "ler_error": 3.6402827,
        "fp_error": 0.98436948,
        "zeta_error_ratio": 0.2100479033852441,
        "closed": false
      }
    },
    "hard_constraint_violations": [
      "missing_dof:FD_HEAVE",
      "missing_dof:FD_PITCH",
      "missing_dof:FD_SURGE",
      "missing_dof:FD_SWAY",
      "missing_dof:FD_YAW",
      "strong_leak:FD_ROLL->Heave:2.3>ref0.0326",
      "strong_leak:FD_ROLL->Pitch:14.7>ref0.248",
      "strong_leak:FD_ROLL->Surge:22.5>ref0.13",
      "strong_leak:FD_ROLL->Sway:6.39>ref0.281",
      "strong_leak:FD_ROLL->Yaw:1.6>ref0.107"
    ],
    "predicate_results": [
      {
        "name": "missing_dof",
        "passed": false,
        "severity": "hard",
        "reason": "missing_dof:FD_HEAVE",
        "source_role": "derived_metric",
        "tags": [
          "missing_dof"
        ]
      },
      {
        "name": "missing_dof",
        "passed": false,
        "severity": "hard",
        "reason": "missing_dof:FD_PITCH",
        "source_role": "derived_metric",
        "tags": [
          "missing_dof"
        ]
      },
      {
        "name": "missing_dof",
        "passed": false,
        "severity": "hard",
        "reason": "missing_dof:FD_SURGE",
        "source_role": "derived_metric",
        "tags": [
          "missing_dof"
        ]
      },
      {
        "name": "missing_dof",
        "passed": false,
        "severity": "hard",
        "reason": "missing_dof:FD_SWAY",
        "source_role": "derived_metric",
        "tags": [
          "missing_dof"
        ]
      },
      {
        "name": "missing_dof",
        "passed": false,
        "severity": "hard",
        "reason": "missing_dof:FD_YAW",
        "source_role": "derived_metric",
        "tags": [
          "missing_dof"
        ]
      },
      {
        "name": "strong_leak",
        "passed": false,
        "severity": "hard",
        "reason": "strong_leak:FD_ROLL->Heave:2.3>ref0.0326",
        "source_role": "derived_metric",
        "tags": [
          "strong_leak"
        ]
      },
      {
        "name": "strong_leak",
        "passed": false,
        "severity": "hard",
        "reason": "strong_leak:FD_ROLL->Pitch:14.7>ref0.248",
        "source_role": "derived_metric",
        "tags": [
          "strong_leak"
        ]
      },
      {
        "name": "strong_leak",
        "passed": false,
        "severity": "hard",
        "reason": "strong_leak:FD_ROLL->Surge:22.5>ref0.13",
        "source_role": "derived_metric",
        "tags": [
          "strong_leak"
        ]
      },
      {
        "name": "strong_leak",
        "passed": false,
        "severity": "hard",
        "reason": "strong_leak:FD_ROLL->Sway:6.39>ref0.281",
        "source_role": "derived_metric",
        "tags": [
          "strong_leak"
        ]
      },
      {
        "name": "strong_leak",
        "passed": false,
        "severity": "hard",
        "reason": "strong_leak:FD_ROLL->Yaw:1.6>ref0.107",
        "source_role": "derived_metric",
        "tags": [
          "strong_leak"
        ]
      }
    ]
  },
  "verdict": {
    "status": "EVIDENCE_ONLY",
    "reason": "incomplete suite: 1/6 DOFs have metrics",
    "hard_constraint_violations": [
      "missing_dof:FD_HEAVE",
      "missing_dof:FD_PITCH",
      "missing_dof:FD_SURGE",
      "missing_dof:FD_SWAY",
      "missing_dof:FD_YAW",
      "strong_leak:FD_ROLL->Heave:2.3>ref0.0326",
      "strong_leak:FD_ROLL->Pitch:14.7>ref0.248",
      "strong_leak:FD_ROLL->Surge:22.5>ref0.13",
      "strong_leak:FD_ROLL->Sway:6.39>ref0.281",
      "strong_leak:FD_ROLL->Yaw:1.6>ref0.107"
    ],
    "tags": [
      "incomplete_suite"
    ]
  },