{
  "run_id": "RC_IMP_SURGE_00128Z0000_S1",
  "parent_id": "RBQ90_PBL255_IMPORTED_PACKAGE",
  "stage": "offline_import",
  "parameter_group": "diagonal_hydro",
  "parameter_delta": {
    "hydrodyn_edits": [
      {
        "block": "CLin",
        "i": 0,
        "j": 0,
        "value": 46835.15234743785
      }
    ],
    "moordyn": {},
    "initial_conditions": {},
    "tmax": null,
    "decision_meta": {
      "signed_ic_bquad_tune": null,
      "selected_dof_candidates": {},
      "bquad_multipliers": {},
      "signed_initial_conditions": {},
      "dof_packages": []
    },
    "changed_parameters": "HydroDyn.CLin[0,0]"
  },
  "input_hash": "RUN_0001_FD_SURGE_IMP_SURGE_00128Z0000_S1",
  "target_source": "active_curated_processed_reference",
  "observation": {
    "candidate_id": "IMP_SURGE_00128Z0000_S1",
    "source": "active_registry_results",
    "per_dof_metrics": {
      "FD_SURGE": {
        "run_id": "RUN_0001_FD_SURGE_IMP_SURGE_00128Z0000_S1",
        "metric_status": "PASS",
        "period": 79.200909,
        "reference_period": 82.763612,
        "period_error_pct": 4.3046735,
        "zeta": 0.0089282529,
        "reference_zeta": 0.020242479,
        "nrmse": 0.18413535,
        "j_dof": 0.18413535,
        "j_shape": 1.6956215,
        "envelope_error": 0.39521133,
        "ler_error": 7.2951784,
        "fp_error": 0.15557437,
        "start_amplitude_error": null,
        "leak": {
          "Sway": 0.14488273148131023,
          "Heave": 0.15902924823755468,
          "Roll": 0.19864670859632316,
          "Pitch": 0.21536639991499476,
          "Yaw": 0.23776380318159274
        },
        "reference_leak": {
          "Sway": 0.15896017090110728,
          "Heave": 0.01968059507325694,
          "Roll": 0.03291602612100948,
          "Pitch": 0.10723769417504003,
          "Yaw": 0.03816688415976064
        },
        "morph": {
          "J_wave": 0.18413534989063193,
          "J_shape": 1.695621542848237,
          "env_err": 0.39521132518998375,
          "fp_err": 0.15557436929399868,
          "LERD": 0.003995852928715648,
          "LERM": 0.03314631271458318,
          "LER_err": 7.29517835263199,
          "Tend": 740.9499999999999
        }
      }
    },
    "cross_energy_matrix": {
      "FD_SURGE": {
        "Sway": 0.14488273148131023,
        "Heave": 0.15902924823755468,
        "Roll": 0.19864670859632316,
        "Pitch": 0.21536639991499476,
        "Yaw": 0.23776380318159274
      }
    },
    "reference_cross_energy_matrix": {
      "FD_SURGE": {
        "Sway": 0.15896017090110728,
        "Heave": 0.01968059507325694,
        "Roll": 0.03291602612100948,
        "Pitch": 0.10723769417504003,
        "Yaw": 0.03816688415976064
      }
    },
    "equilibrium": {},
    "artifacts": {
      "runs": {
        "FD_SURGE": {
          "run_id": "RUN_0001_FD_SURGE_IMP_SURGE_00128Z0000_S1",
          "run_dir": "04_current_runs/runs/RUN_0001_FD_SURGE_IMP_SURGE_00128Z0000_S1",
          "logs_dir": "04_current_runs/runs/RUN_0001_FD_SURGE_IMP_SURGE_00128Z0000_S1/logs",
          "manifest_path": "04_current_runs/runs/RUN_0001_FD_SURGE_IMP_SURGE_00128Z0000_S1/manifest.json",
          "fst_file": "04_current_runs/runs/RUN_0001_FD_SURGE_IMP_SURGE_00128Z0000_S1/input/qg_r001_center_surge_9d3daf69.fst",
          "input_dir": "04_current_runs/runs/RUN_0001_FD_SURGE_IMP_SURGE_00128Z0000_S1/input",
          "output_dir": "04_current_runs/runs/RUN_0001_FD_SURGE_IMP_SURGE_00128Z0000_S1/output",
          "main_output_path": "04_current_runs/runs/RUN_0001_FD_SURGE_IMP_SURGE_00128Z0000_S1/input/qg_r001_center_surge_9d3daf69.out",
          "stdout_path": "04_current_runs/runs/RUN_0001_FD_SURGE_IMP_SURGE_00128Z0000_S1/logs/stdout.txt",
          "stderr_path": "04_current_runs/runs/RUN_0001_FD_SURGE_IMP_SURGE_00128Z0000_S1/logs/stderr.txt",
          "notes": "metrics computed from 04_current_runs/runs/RUN_0001_FD_SURGE_IMP_SURGE_00128Z0000_S1/input/qg_r001_center_surge_9d3daf69.out"
        }
      },
      "ignored_results": []
    }
  },
  "objective": {
    "global_score": 3.8528291386509195,
    "weights": {
      "period": 0.35,
      "env": 0.25,
      "ler": 0.2,
      "fp": 0.1,
      "zeta": 0.1
    },
    "per_dof": {
      "FD_SURGE": {
        "score": 3.8528291386509195,
        "period_error_pct": 4.3046735,
        "period_error_abs_pct": 4.3046735,
        "envelope_error": 0.39521133,
        "ler_error": 7.2951784,
        "fp_error": 0.15557437,
        "zeta_error_ratio": 0.5589348073425197,
        "closed": false
      }
    },
    "hard_constraint_violations": [
      "missing_dof:FD_HEAVE",
      "missing_dof:FD_PITCH",
      "missing_dof:FD_ROLL",
      "missing_dof:FD_SWAY",
      "missing_dof:FD_YAW"
    ],
    "predicate_results": [
      {
        "name": "missing_dof",
        "passed": false,
        "severity": "hard",
        "reason": "missing_dof:FD_HEAVE",
        "source_role": "derived_metric",
        "tags": [
          "missing_dof"
        ]
      },
      {
        "name": "missing_dof",
        "passed": false,
        "severity": "hard",
        "reason": "missing_dof:FD_PITCH",
        "source_role": "derived_metric",
        "tags": [
          "missing_dof"
        ]
      },
      {
        "name": "missing_dof",
        "passed": false,
        "severity": "hard",
        "reason": "missing_dof:FD_ROLL",
        "source_role": "derived_metric",
        "tags": [
          "missing_dof"
        ]
      },
      {
        "name": "missing_dof",
        "passed": false,
        "severity": "hard",
        "reason": "missing_dof:FD_SWAY",
        "source_role": "derived_metric",
        "tags": [
          "missing_dof"
        ]
      },
      {
        "name": "missing_dof",
        "passed": false,
        "severity": "hard",
        "reason": "missing_dof:FD_YAW",
        "source_role": "derived_metric",
        "tags": [
          "missing_dof"
        ]
      }
    ]
  },
  "verdict": {
    "status": "EVIDENCE_ONLY",
    "reason": "incomplete suite: 1/6 DOFs have metrics",
    "hard_constraint_violations": [
      "missing_dof:FD_HEAVE",
      "missing_dof:FD_PITCH",
      "missing_dof:FD_ROLL",
      "missing_dof:FD_SWAY",
      "missing_dof:FD_YAW"
    ],
    "tags": [
      "incomplete_suite"
    ]
  },
  "artifact_policy": "summary_only",
  "created_at": "2026-07-07T13:59:00+00:00",
  "evidence_sources": [
    "04_current_runs/runs/RUN_0001_FD_SURGE_IMP_SURGE_00128Z0000_S1/input",
    "04_current_runs/runs/RUN_0001_FD_SURGE_IMP_SURGE_00128Z0000_S1/input/qg_r001_center_surge_9d3daf69.fst",
    "04_current_runs/runs/RUN_0001_FD_SURGE_IMP_SURGE_00128Z0000_S1/output"
  ],
  "oracle_id": "oracle_c26754c99eb2607c",
  "epoch_id": "oracle_c26754c99eb2607c",
  "predicate_results": [
    {
      "name": "missing_dof",
      "passed": false,
      "severity": "hard",
      "reason": "missing_dof:FD_HEAVE",
      "source_role": "derived_metric",
      "tags": [
        "missing_dof"
      ]
    },
    {
      "name": "missing_dof",
      "passed": false,
      "severity": "hard",
      "reason": "missing_dof:FD_PITCH",
      "source_role": "derived_metric",
      "tags": [
        "missing_dof"
      ]
    },
    {
      "name": "missing_dof",
      "passed": false,
      "severity": "hard",
      "reason": "missing_dof:FD_ROLL",
      "source_role": "derived_metric",
      "tags": [
        "missing_dof"
      ]
    },
    {
      "name": "missing_dof",
      "passed": false,
      "severity": "hard",
      "reason": "missing_dof:FD_SWAY",
      "source_role": "derived_metric",
      "tags": [
        "missing_dof"
      ]
    },
    {
      "name": "missing_dof",
      "passed": false,
      "severity": "hard",