{
  "run_id": "RC_PHYS_SURGE_BASE_70258Z0000",
  "parent_id": "STARTING_MODEL",
  "stage": "offline_import",
  "parameter_group": "baseline",
  "parameter_delta": {
    "hydrodyn_edits": [],
    "moordyn": {},
    "initial_conditions": {
      "Surge": 23.22
    },
    "tmax": 900,
    "decision_meta": {
      "signed_ic_bquad_tune": null,
      "selected_dof_candidates": {},
      "bquad_multipliers": {},
      "signed_initial_conditions": {},
      "dof_packages": []
    },
    "changed_parameters": "IC.Surge;FST.TMax"
  },
  "input_hash": "RUN_0001_FD_SURGE_PHYS_SURGE_BASE_70258Z0000",
  "target_source": "active_curated_processed_reference",
  "observation": {
    "candidate_id": "PHYS_SURGE_BASE_70258Z0000",
    "source": "active_registry_results",
    "per_dof_metrics": {
      "FD_SURGE": {
        "run_id": "RUN_0001_FD_SURGE_PHYS_SURGE_BASE_70258Z0000",
        "metric_status": "PASS",
        "period": 11.255791,
        "reference_period": 82.763612,
        "period_error_pct": 86.400072,
        "zeta": 0.0026395132,
        "reference_zeta": 0.020242479,
        "nrmse": 0.14118563,
        "j_dof": 0.14118563,
        "j_shape": 1.1083569,
        "envelope_error": 0.63018581,
        "ler_error": 0.75465199,
        "fp_error": 0.60587018,
        "start_amplitude_error": null,
        "leak": {
          "Sway": 0.1245081655367507,
          "Heave": 0.05331231566343966,
          "Roll": 0.025185943763258476,
          "Pitch": 0.5750014765506691,
          "Yaw": 0.053891836712260506
        },
        "reference_leak": {
          "Sway": 0.15896017090110728,
          "Heave": 0.01968059507325694,
          "Roll": 0.03291602612100948,
          "Pitch": 0.10723769417504003,
          "Yaw": 0.03816688415976064
        },
        "morph": {
          "J_wave": 0.14118563128170775,
          "J_shape": 1.1083568981056875,
          "env_err": 0.6301858072313558,
          "fp_err": 0.6058701814377145,
          "LERD": 0.003995852928715648,
          "LERM": 0.0009803745633323083,
          "LER_err": 0.7546519902454414,
          "Tend": 740.9499999999999
        }
      }
    },
    "cross_energy_matrix": {
      "FD_SURGE": {
        "Sway": 0.1245081655367507,
        "Heave": 0.05331231566343966,
        "Roll": 0.025185943763258476,
        "Pitch": 0.5750014765506691,
        "Yaw": 0.053891836712260506
      }
    },
    "reference_cross_energy_matrix": {
      "FD_SURGE": {
        "Sway": 0.15896017090110728,
        "Heave": 0.01968059507325694,
        "Roll": 0.03291602612100948,
        "Pitch": 0.10723769417504003,
        "Yaw": 0.03816688415976064
      }
    },
    "equilibrium": {},
    "artifacts": {
      "runs": {
        "FD_SURGE": {
          "run_id": "RUN_0001_FD_SURGE_PHYS_SURGE_BASE_70258Z0000",
          "run_dir": "04_current_runs/runs/RUN_0001_FD_SURGE_PHYS_SURGE_BASE_70258Z0000",
          "logs_dir": "04_current_runs/runs/RUN_0001_FD_SURGE_PHYS_SURGE_BASE_70258Z0000/logs",
          "manifest_path": "04_current_runs/runs/RUN_0001_FD_SURGE_PHYS_SURGE_BASE_70258Z0000/manifest.json",
          "fst_file": "04_current_runs/runs/RUN_0001_FD_SURGE_PHYS_SURGE_BASE_70258Z0000/input/OpenFAST_input_files/IEA-15-240-RWT-UMaineSemi.fst",
          "input_dir": "04_current_runs/runs/RUN_0001_FD_SURGE_PHYS_SURGE_BASE_70258Z0000/input",
          "output_dir": "04_current_runs/runs/RUN_0001_FD_SURGE_PHYS_SURGE_BASE_70258Z0000/output",
          "main_output_path": "04_current_runs/runs/RUN_0001_FD_SURGE_PHYS_SURGE_BASE_70258Z0000/input/OpenFAST_input_files/IEA-15-240-RWT-UMaineSemi.out",
          "stdout_path": "04_current_runs/runs/RUN_0001_FD_SURGE_PHYS_SURGE_BASE_70258Z0000/logs/stdout.txt",
          "stderr_path": "04_current_runs/runs/RUN_0001_FD_SURGE_PHYS_SURGE_BASE_70258Z0000/logs/stderr.txt",
          "notes": "metrics computed from 04_current_runs/runs/RUN_0001_FD_SURGE_PHYS_SURGE_BASE_70258Z0000/input/OpenFAST_input_files/IEA-15-240-RWT-UMaineSemi.out"
        }
      },
      "ignored_results": []
    }
  },
  "objective": {
    "global_score": 11.367587667872256,
    "weights": {
      "period": 0.35,
      "env": 0.25,
      "ler": 0.2,
      "fp": 0.1,
      "zeta": 0.1
    },
    "per_dof": {
      "FD_SURGE": {
        "score": 11.367587667872256,
        "period_error_pct": 86.400072,
        "period_error_abs_pct": 86.400072,
        "envelope_error": 0.63018581,
        "ler_error": 0.75465199,
        "fp_error": 0.60587018,
        "zeta_error_ratio": 0.8696052395558864,
        "closed": false
      }
    },
    "hard_constraint_violations": [
      "missing_dof:FD_HEAVE",
      "missing_dof:FD_PITCH",
      "missing_dof:FD_ROLL",
      "missing_dof:FD_SWAY",
      "missing_dof:FD_YAW",
      "strong_leak:FD_SURGE->Pitch:0.575>ref0.107"
    ],
    "predicate_results": [
      {
        "name": "missing_dof",
        "passed": false,
        "severity": "hard",
        "reason": "missing_dof:FD_HEAVE",
        "source_role": "derived_metric",
        "tags": [
          "missing_dof"
        ]
      },
      {
        "name": "missing_dof",
        "passed": false,
        "severity": "hard",
        "reason": "missing_dof:FD_PITCH",
        "source_role": "derived_metric",
        "tags": [
          "missing_dof"
        ]
      },
      {
        "name": "missing_dof",
        "passed": false,
        "severity": "hard",
        "reason": "missing_dof:FD_ROLL",
        "source_role": "derived_metric",
        "tags": [
          "missing_dof"
        ]
      },
      {
        "name": "missing_dof",
        "passed": false,
        "severity": "hard",
        "reason": "missing_dof:FD_SWAY",
        "source_role": "derived_metric",
        "tags": [
          "missing_dof"
        ]
      },
      {
        "name": "missing_dof",
        "passed": false,
        "severity": "hard",
        "reason": "missing_dof:FD_YAW",
        "source_role": "derived_metric",
        "tags": [
          "missing_dof"
        ]
      },
      {
        "name": "strong_leak",
        "passed": false,
        "severity": "hard",
        "reason": "strong_leak:FD_SURGE->Pitch:0.575>ref0.107",
        "source_role": "derived_metric",
        "tags": [
          "strong_leak"
        ]
      }
    ]
  },
  "verdict": {
    "status": "EVIDENCE_ONLY",
    "reason": "incomplete suite: 1/6 DOFs have metrics",
    "hard_constraint_violations": [
      "missing_dof:FD_HEAVE",
      "missing_dof:FD_PITCH",
      "missing_dof:FD_ROLL",
      "missing_dof:FD_SWAY",
      "missing_dof:FD_YAW",
      "strong_leak:FD_SURGE->Pitch:0.575>ref0.107"
    ],
    "tags": [
      "incomplete_suite"
    ]
  },
  "artifact_policy": "retain_full_baseline",
  "created_at": "2026-07-07T13:59:00+00:00",
  "evidence_sources": [
    "04_current_runs/runs/RUN_0001_FD_SURGE_PHYS_SURGE_BASE_70258Z0000/input",
    "04_current_runs/runs/RUN_0001_FD_SURGE_PHYS_SURGE_BASE_70258Z0000/input/OpenFAST_input_files/IEA-15-240-RWT-UMaineSemi.fst",
    "04_current_runs/runs/RUN_0001_FD_SURGE_PHYS_SURGE_BASE_70258Z0000/output"
  ],
  "oracle_id": "oracle_c26754c99eb2607c",
  "epoch_id": "oracle_c26754c99eb2607c",
  "predicate_results": [
    {
      "name": "missing_dof",
      "passed": false,
      "severity": "hard",
      "reason": "missing_dof:FD_HEAVE",
      "source_role": "derived_metric",
      "tags": [
        "missing_dof"
      ]
    },
    {
      "name": "missing_dof",
      "passed": false,
      "severity": "hard",
      "reason": "missing_dof:FD_PITCH",
      "source_role": "derived_metric",
      "tags": [
        "missing_dof"
      ]
    },
    {
      "name": "missing_dof",
      "passed": false,
      "severity": "hard",
      "reason": "missing_dof:FD_ROLL",