{
  "dof": "pitch",
  "status": "CONVERGED",
  "ic": 9.84,
  "T_target": 30.863175683814575,
  "runs": [
    {
      "label": "baseline",
      "fst": "agent_pitch_base.fst",
      "T": 28.8860431969688,
      "zeta": 0.014891649526078441,
      "edits": [],
      "moor": null,
      "morph": {
        "env_err": 0.4946453795849805,
        "LER_err": 4.614030747514303,
        "fp_err": 0.1495458930060301,
        "J_shape": 1.4546419359922327,
        "J_wave": 0.29124769101299053
      },
      "leak": {
        "Surge": 0.18134921686418828,
        "Sway": 3.598175279538596e-08,
        "Heave": 0.033831962279143216,
        "Roll": 1.4814400624223043e-07,
        "Yaw": 2.0539146341212674e-08
      }
    },
    {
      "label": "A-probe",
      "fst": "agent_pitch_Aprobe.fst",
      "T": 29.830018236546778,
      "zeta": 0.015660637902885223,
      "edits": [
        [
          "CLin",
          4,
          4,
          -170164281.40327063
        ]
      ],
      "moor": null,
      "morph": {
        "env_err": 0.5147075064472361,
        "LER_err": 4.645761618369022,
        "fp_err": 0.05147229288531006,
        "J_shape": 1.840606197360754,
        "J_wave": 0.3049342416666705
      },
      "leak": {
        "Surge": 0.17881187901521362,
        "Sway": 1.113572471328424e-06,
        "Heave": 0.033671408992788324,
        "Roll": 9.141054626057281e-06,
        "Yaw": 1.8256764475523952e-06
      }
    },
    {
      "label": "A-solve",
      "fst": "agent_pitch_Asolve.fst",
      "T": 30.85005898615933,
      "zeta": 0.01570638738613986,
      "edits": [
        [
          "CLin",
          4,
          4,
          -338801088.42179453
        ]
      ],
      "moor": null,
      "morph": {
        "env_err": 0.5379970211594872,
        "LER_err": 4.81134407620258,
        "fp_err": 0.08282669850926558,
        "J_shape": 1.8794451750639842,
        "J_wave": 0.29574846697116935
      },
      "leak": {
        "Surge": 0.1826702091425103,
        "Sway": 1.0513324727553108e-07,
        "Heave": 0.03327650721492885,
        "Roll": 9.821031211675326e-07,
        "Yaw": 2.5840705119532473e-07
      }
    },
    {
      "label": "B-4x",
      "fst": "agent_pitch_B4x.fst",
      "T": 30.864930339976134,
      "zeta": 0.019392891895881195,
      "edits": [
        [
          "CLin",
          4,
          4,
          -338801088.42179453
        ],
        [
          "BQuad",
          4,
          4,
          67200000000.0
        ]
      ],
      "moor": null,
      "morph": {
        "env_err": 0.25350454807938133,
        "LER_err": 1.2667798235772787,
        "fp_err": 0.06501316560432042,
        "J_shape": 1.8487209852266349,
        "J_wave": 0.23487651351481034
      },
      "leak": {
        "Surge": 0.3032068411751723,
        "Sway": 9.211511140966904e-09,
        "Heave": 0.05257897358221974,
        "Roll": 3.560859078518354e-08,
        "Yaw": 1.768115656700048e-08
      }
    },
    {
      "label": "B-8x",
      "fst": "agent_pitch_B8x.fst",
      "T": 30.916926372072346,
      "zeta": 0.020078958012437264,
      "edits": [
        [
          "CLin",
          4,
          4,
          -338801088.42179453
        ],
        [
          "BQuad",
          4,
          4,
          134400000000.0
        ]
      ],
      "moor": null,
      "morph": {
        "env_err": 0.34787886898404247,
        "LER_err": 0.1607064547360843,
        "fp_err": 0.049435788236117176,
        "J_shape": 1.7462933053426217,
        "J_wave": 0.20170693740826642
      },
      "leak": {
        "Surge": 0.4255742112181567,
        "Sway": 1.541692111983669e-08,
        "Heave": 0.07140365961007088,
        "Roll": 1.3987233297749064e-08,
        "Yaw": 1.4120752099242221e-08
      }
    },
    {
      "label": "B-12x",
      "fst": "agent_pitch_B12x.fst",
      "T": 30.908928769049655,
      "zeta": 0.012585283807403475,
      "edits": [
        [
          "CLin",
          4,
          4,
          -338801088.42179453
        ],
        [
          "BQuad",
          4,
          4,
          201600000000.0
        ]
      ],
      "moor": null,
      "morph": {
        "env_err": 0.44230189599403025,
        "LER_err": 0.2676406196230844,
        "fp_err": 0.037732277216929795,
        "J_shape": 1.6052795952247718,
        "J_wave": 0.18368285581711488
      },
      "leak": {
        "Surge": 0.5085132791226716,
        "Sway": 2.990037730750974e-08,
        "Heave": 0.0854370305216117,
        "Roll": 1.3084700597368287e-08,
        "Yaw": 2.368355437971902e-08
      }
    },
    {
      "label": "B-opt",
      "fst": "agent_pitch_Bopt.fst",
      "T": 30.90654246862158,
      "zeta": 0.014646007850472952,
      "edits": [
        [
          "CLin",
          4,
          4,
          -338801088.42179453
        ],
        [
          "BQuad",
          4,
          4,
          175554942841.5087
        ]
      ],
      "moor": null,
      "morph": {
        "env_err": 0.4098300865922873,
        "LER_err": 0.13735826973961365,
        "fp_err": 0.041943606623648995,
        "J_shape": 1.6581863750018815,
        "J_wave": 0.18966881802925492
      },
      "leak": {
        "Surge": 0.4801708565581668,
        "Sway": 1.811462147056035e-08,
        "Heave": 0.08046152660122656,
        "Roll": 2.0777864811573318e-08,
        "Yaw": 1.562581208966169e-08
      }
    }
  ],