{
  "dof": "yaw",
  "status": "CONVERGED",
  "ic": 13.39,
  "T_target": 50.73660669369934,
  "runs": [
    {
      "label": "baseline",
      "fst": "agent_yaw_base.fst",
      "T": 90.20846921122853,
      "zeta": 0.03914236915137935,
      "edits": [],
      "moor": null,
      "morph": {
        "env_err": 0.34625564962847666,
        "LER_err": 0.779524856995476,
        "fp_err": 0.08841819283453965,
        "J_shape": 1.4622772246837659,
        "J_wave": 0.15384463092979592
      },
      "leak": {
        "Surge": 0.08395573881094294,
        "Sway": 0.04086772088252745,
        "Heave": 0.04696811219940204,
        "Roll": 0.05537262460706597,
        "Pitch": 0.2296624464737073
      }
    },
    {
      "label": "moor-EA-probe",
      "fst": "agent_yaw_mEAprobe.fst",
      "T": 89.45173941307655,
      "zeta": 0.03865051262858126,
      "edits": [],
      "moor": {
        "EA_scale": 3.1611986697797216
      },
      "morph": {
        "env_err": 0.3445794902625761,
        "LER_err": 0.7959354787491327,
        "fp_err": 0.07664637117967353,
        "J_shape": 1.4626067949787043,
        "J_wave": 0.15365715575277544
      },
      "leak": {
        "Surge": 0.07869667288281189,
        "Sway": 0.03757969082681799,
        "Heave": 0.04789959568483237,
        "Roll": 0.0552657955338891,
        "Pitch": 0.22989432374042282
      }
    },
    {
      "label": "moor-UL-probe",
      "fst": "agent_yaw_mULprobe.fst",
      "T": 9.562064811822324,
      "zeta": 0.001652147729695437,
      "edits": [],
      "moor": {
        "UnstrLen_scale": 0.9
      },
      "morph": {
        "env_err": 0.7313124976869408,
        "LER_err": 0.9999389957426345,
        "fp_err": 0.26417433037255855,
        "J_shape": 1.0856497362336697,
        "J_wave": 0.10957988781817375
      },
      "leak": {
        "Surge": 0.01363287045614544,
        "Sway": 0.0037871764745578806,
        "Heave": 1.7298605709201484,
        "Roll": 0.04001757013017631,
        "Pitch": 0.06656205878342533
      }
    },
    {
      "label": "moor-solve1",
      "fst": "agent_yaw_msolve1.fst",
      "T": 58.911661217282415,
      "zeta": 0.028151184524108603,
      "edits": [],
      "moor": {
        "UnstrLen_scale": 0.9733457237340924
      },
      "morph": {
        "env_err": 0.30526310338797824,
        "LER_err": 0.36291434030700936,
        "fp_err": 0.015946025520426257,
        "J_shape": 1.357953850875675,
        "J_wave": 0.15621131779251402
      },
      "leak": {
        "Surge": 0.04329503713976614,
        "Sway": 0.04411080089520856,
        "Heave": 0.10120666753877038,
        "Roll": 0.2510897942168172,
        "Pitch": 0.24000272562895256
      }
    },
    {
      "label": "moor-solve2",
      "fst": "agent_yaw_msolve2.fst",
      "T": 51.86255889339185,
      "zeta": 0.0249160742534803,
      "edits": [],
      "moor": {
        "UnstrLen_scale": 0.9671004072929033
      },
      "morph": {
        "env_err": 0.31241113093120193,
        "LER_err": 0.20557876587597246,
        "fp_err": 0.013799406706856946,
        "J_shape": 1.3879669063906304,
        "J_wave": 0.17759865686977755
      },
      "leak": {
        "Surge": 0.03588886070067233,
        "Sway": 0.037004805778250785,
        "Heave": 0.11874358158507993,
        "Roll": 0.296407737541739,
        "Pitch": 0.25589321711623625
      }
    },
    {
      "label": "moor-B-4x",
      "fst": "agent_yaw_mB4x.fst",
      "T": 52.38635528095584,
      "zeta": 0.008175944518458492,
      "edits": [
        [
          "BQuad",
          5,
          5,
          192000000000.0
        ]
      ],
      "moor": {
        "UnstrLen_scale": 0.9671004072929033
      },
      "morph": {
        "env_err": 0.4689954632006386,
        "LER_err": 0.6322484440101522,
        "fp_err": 0.004443380481840415,
        "J_shape": 1.138089519695121,
        "J_wave": 0.14491560498091446
      },
      "leak": {
        "Surge": 0.06798894145688496,
        "Sway": 0.05460295474951685,
        "Heave": 0.1688255132218928,
        "Roll": 0.48642943056619525,
        "Pitch": 0.47425179270237844
      }
    },
    {
      "label": "moor-B-8x",
      "fst": "agent_yaw_mB8x.fst",
      "T": 53.06861225515774,
      "zeta": 0.004018249404535824,
      "edits": [
        [
          "BQuad",
          5,
          5,
          384000000000.0
        ]
      ],
      "moor": {
        "UnstrLen_scale": 0.9671004072929033
      },
      "morph": {
        "env_err": 0.5626397282076001,
        "LER_err": 0.8659147520150761,
        "fp_err": 0.027381263058940765,
        "J_shape": 0.961400381443994,
        "J_wave": 0.12995727260201442
      },
      "leak": {
        "Surge": 0.0880367447863096,
        "Sway": 0.05980723148841717,
        "Heave": 0.18873650459665195,
        "Roll": 0.5598317835890068,
        "Pitch": 0.6257914831229852
      }
    },
    {
      "label": "moor-B-12x",
      "fst": "agent_yaw_mB12x.fst",
      "T": 53.135257394096826,
      "zeta": 0.004283585699433461,
      "edits": [
        [
          "BQuad",
          5,
          5,
          576000000000.0
        ]
      ],
      "moor": {
        "UnstrLen_scale": 0.9671004072929033
      },
      "morph": {
        "env_err": 0.5987169074113435,
        "LER_err": 0.9363222566684845,
        "fp_err": 0.04503667851382047,
        "J_shape": 0.872627488205531,
        "J_wave": 0.12317487600312291
      },
      "leak": {
        "Surge": 0.09603246842925349,
        "Sway": 0.06003659407716708,
        "Heave": 0.19164510245491145,
        "Roll": 0.5641257574081746,
        "Pitch": 0.6908890899256604
      }
    }
  ],