{
  "dof": "surge",
  "status": "DIAGNOSTIC-FORK",
  "ic": 7.21,
  "T_target": 82.2121589577433,
  "runs": [
    {
      "label": "baseline",
      "fst": "agent_surge_base.fst",
      "T": 136.53930228752372,
      "zeta": 0.03799566830629271,
      "edits": [],
      "moor": null,
      "morph": {
        "env_err": 0.4032168007694558,
        "LER_err": 3.4883358683349432,
        "fp_err": 0.0051922123040118616,
        "J_shape": 1.4293945905219967,
        "J_wave": 0.17507600619392344
      },
      "leak": {
        "Sway": 3.1764445330026278e-06,
        "Heave": 0.05686686109212999,
        "Roll": 9.160225632276643e-06,
        "Pitch": 0.3490118904469041,
        "Yaw": 2.761303378467122e-07
      }
    },
    {
      "label": "moor-EA-probe",
      "fst": "agent_surge_mEAprobe.fst",
      "T": 137.73247532071844,
      "zeta": 0.038101982549808205,
      "edits": [],
      "moor": {
        "EA_scale": 2.7583111311185764
      },
      "morph": {
        "env_err": 0.4002150081580306,
        "LER_err": 3.405235336905698,
        "fp_err": 0.017383991827268647,
        "J_shape": 1.4310404760290072,
        "J_wave": 0.1748900509973294
      },
      "leak": {
        "Sway": 2.3749880481575464e-06,
        "Heave": 0.05753554689502123,
        "Roll": 7.893181287204018e-06,
        "Pitch": 0.34945958360585544,
        "Yaw": 1.908742327775872e-07
      }
    },
    {
      "label": "moor-UL-probe",
      "fst": "agent_surge_mULprobe.fst",
      "T": 12.687226665331934,
      "zeta": 0.0035795796244237547,
      "edits": [],
      "moor": {
        "UnstrLen_scale": 0.9
      },
      "morph": {
        "env_err": 0.73752197651554,
        "LER_err": 0.9725006563712604,
        "fp_err": 0.32195857313136184,
        "J_shape": 1.1081239253437807,
        "J_wave": 0.1390999555673757
      },
      "leak": {
        "Sway": 9.333722272601081e-07,
        "Heave": 1.9901099746150297,
        "Roll": 1.0501259993448686e-05,
        "Pitch": 0.564478418407882,
        "Yaw": 6.583512895824785e-07
      }
    },
    {
      "label": "moor-solve1",
      "fst": "agent_surge_msolve1.fst",
      "T": 91.98387535725368,
      "zeta": 0.031742684924764585,
      "edits": [],
      "moor": {
        "UnstrLen_scale": 0.9777553560658722
      },
      "morph": {
        "env_err": 0.3653148008744093,
        "LER_err": 0.7090880060780879,
        "fp_err": 0.1661071158852372,
        "J_shape": 1.0602854544730407,
        "J_wave": 0.1809590016168903
      },
      "leak": {
        "Sway": 1.7541831907475287e-06,
        "Heave": 0.11531994900338798,
        "Roll": 9.535693551501017e-06,
        "Pitch": 0.38796590982688745,
        "Yaw": 1.971426398500339e-07
      }
    },
    {
      "label": "moor-solve2",
      "fst": "agent_surge_msolve2.fst",
      "T": 81.87451720423516,
      "zeta": 0.02987682531042327,
      "edits": [],
      "moor": {
        "UnstrLen_scale": 0.9731727702514279
      },
      "morph": {
        "env_err": 0.3795116627174683,
        "LER_err": 0.5064417802609221,
        "fp_err": 0.13717392634584916,
        "J_shape": 1.843232019101882,
        "J_wave": 0.2178073333862723
      },
      "leak": {
        "Sway": 1.0396694030284625e-06,
        "Heave": 0.13115593164499645,
        "Roll": 6.636557991314475e-06,
        "Pitch": 0.3963417267285922,
        "Yaw": 1.8238321890384064e-07
      }
    },
    {
      "label": "moor-B-4x",
      "fst": "agent_surge_mB4x.fst",
      "T": 81.3161183245582,
      "zeta": 0.016770372797356627,
      "edits": [
        [
          "BQuad",
          0,
          0,
          3692000.0
        ]
      ],
      "moor": {
        "UnstrLen_scale": 0.9731727702514279
      },
      "morph": {
        "env_err": 0.5846598434211108,
        "LER_err": 0.71617944532477,
        "fp_err": 0.11491543833241989,
        "J_shape": 1.5685668858980528,
        "J_wave": 0.17702931122451518
      },
      "leak": {
        "Sway": 3.407752080780159e-06,
        "Heave": 0.20746162470549293,
        "Roll": 2.1620307555642978e-05,
        "Pitch": 0.6257389945017873,
        "Yaw": 4.3087202787158196e-07
      }
    },
    {
      "label": "moor-B-8x",
      "fst": "agent_surge_mB8x.fst",
      "T": 79.4658785028912,
      "zeta": 0.007244478899239106,
      "edits": [
        [
          "BQuad",
          0,
          0,
          7384000.0
        ]
      ],
      "moor": {
        "UnstrLen_scale": 0.9731727702514279
      },
      "morph": {
        "env_err": 0.6820034212709873,
        "LER_err": 0.9253331753612484,
        "fp_err": 0.09468967373602166,
        "J_shape": 1.3558017872034853,
        "J_wave": 0.15915062366658358
      },
      "leak": {
        "Sway": 2.977623462192911e-06,
        "Heave": 0.24606304350846137,
        "Roll": 1.8358662640994443e-05,
        "Pitch": 0.730122255605846,
        "Yaw": 3.4870325335020327e-07
      }
    },
    {
      "label": "moor-B-12x",
      "fst": "agent_surge_mB12x.fst",
      "T": 34.607651686936094,
      "zeta": 0.0019364839258554157,
      "edits": [
        [
          "BQuad",
          0,
          0,
          11076000.0
        ]
      ],
      "moor": {
        "UnstrLen_scale": 0.9731727702514279
      },
      "morph": {
        "env_err": 0.7245469987676492,
        "LER_err": 0.9643154241196497,
        "fp_err": 0.0791640150108469,
        "J_shape": 1.2204557671274754,
        "J_wave": 0.14996407495336606
      },
      "leak": {
        "Sway": 3.970454188917502e-06,
        "Heave": 0.2581292902481982,
        "Roll": 2.493740591438234e-05,
        "Pitch": 0.7543372658917532,
        "Yaw": 4.0022999182113687e-07
      }
    }
  ],